P,E,T
0,0,0
0,0,0
1,0,0
1,0,0
2,0,0
2,0,0
3,0,1
3,0,1
3,1,1
3,0,1
4,0,1
4,0,1
4,0,2
4,0,1
4,0,1
4,0,2
4,1,1
4,1,2
4,0,1
4,0,2
5,0,1
5,0,1
5,0,2
5,0,1
5,0,1
5,0,2
5,1,1
5,1,2
5,0,1
5,0,2
6,0,1
6,0,1
6,0,2
6,0,1
6,0,1
6,0,2
6,1,1
6,1,2
6,0,1
6,0,2
6,0,2
6,0,2
6,1,2
6,0,2
7,0,2
7,0,2
7,1,2
7,0,2
8,0,2
8,0,2
8,1,2
8,0,2
9,0,2
9,0,2
9,1,2
9,0,2
10,2,2
10,0,2
10,0,2
10,1,2
10,0,2
11,2,2
11,2,2
11,0,2
11,0,2
11,0,2
11,0,2
11,1,2
11,1,2
11,0,2
11,0,2
11,2,2
11,3,2
12,2,2
12,3,2
13,2,2
13,3,2
14,2,2
14,3,2
15,2,2
15,4,1
15,4,2
15,4,1
15,4,2
15,3,2
15,3,1
15,3,2
16,2,2
16,4,1
16,4,2
16,4,1
16,4,2
16,3,2
16,3,1
16,3,2
17,0,2
17,0,2
17,1,2
17,0,2
17,4,2
17,4,2
17,3,2
17,3,2
17,0,2
17,0,2
17,1,2
17,0,2
17,4,2
17,4,2
17,3,2
18,0,1
18,0,2
18,0,2
18,0,1
18,0,2
18,0,2
18,1,1
18,1,2
18,0,1
18,0,2
19,0,2
19,0,2
19,1,2
19,0,2
19,0,1
19,0,2
19,0,2
19,0,1
19,0,2
19,0,2
19,1,1
19,1,2
19,0,1
19,0,2
20,0,2
20,0,2
20,1,2
20,0,2
21,0,2
21,0,2
21,1,2
21,0,2
22,0,2
22,0,2
22,1,2
22,0,2
23,2,1
23,0,3
23,0,1
23,0,1
23,0,2
23,0,2
23,0,3
23,0,1
23,0,1
23,0,2
23,0,2
23,1,3
23,1,1
23,1,2
23,0,3
23,0,1
23,0,2
23,4,2
23,4,2
23,3,2
24,5,4
25,6,4
26,6,4
26,6,4
27,6,4
27,6,4
28,6,5
28,6,5
28,6,4
28,6,4
28,6,4
28,6,4
28,6,4
28,6,4
28,6,2
28,6,2
28,6,5
28,6,4
28,6,4
28,6,4
28,6,2
29,6,5
29,6,4
29,6,4
29,6,4
29,6,2
30,6,5
31,6,4
31,6,4
32,6,3
32,6,3
32,6,4
32,6,4
32,6,4
32,6,2
32,6,2
33,7,3
33,6,2
33,6,3
33,6,3
33,6,3
33,6,4
33,6,4
33,6,4
33,6,2
33,6,2
33,6,2
33,6,4
33,6,4
33,6,4
33,6,3
33,6,3
33,6,4
33,6,4
33,6,4
33,6,2
33,6,2
34,6,3
34,6,4
34,6,4
34,6,4
34,6,2
34,6,2
35,6,3
35,6,3
35,6,4
35,6,4
35,6,4
35,6,4
35,6,4
35,6,4
35,6,2
35,6,2
35,6,2
35,6,2
36,8,4
36,8,2
36,8,4
36,8,2
36,8,4
36,8,2
37,9,2
38,9,3
38,9,2
39,10,4
40,11,4
40,11,4
41,12,5
41,13,5
41,14,5
41,14,5
42,12,5
42,13,5
42,14,5
42,14,5
43,12,5
43,13,5
43,14,5
43,14,5
44,15,1
44,15,1
44,15,1
45,15,1
45,15,1
45,15,1
46,16,2
46,16,2
47,16,2
47,16,2
48,16,1
48,16,1
49,16,1
49,16,1
49,16,1
49,16,1
50,16,1
50,16,1
51,16,1
51,16,1
52,12,2
52,13,2
52,12,5
52,12,2
52,13,5
52,13,2
53,12,5
53,12,2
53,13,5
53,13,2
54,16,5
54,16,5
54,17,5
54,17,2
54,17,5
54,17,2
54,15,5
54,15,2
54,15,5
54,15,2
54,15,5
54,15,2
55,16,5
55,16,5
56,16,5
56,16,5
57,16,5
57,16,5
57,12,4
57,13,4
58,17,2
58,17,2
58,15,5
58,15,2
58,15,5
58,15,2
58,15,5
58,15,2
59,17,2
59,17,2
60,16,1
60,16,1
60,17,1
60,17,1
60,15,1
60,15,1
60,15,1
60,12,1
60,12,1
60,13,1
60,13,1
60,14,1
60,14,1
61,16,5
61,16,5
62,16,5
62,16,5
62,18,3
62,12,5
62,13,5
62,14,5
62,14,5
63,16,5
63,16,5
64,16,5
64,16,5
65,16,5
65,16,5
66,16,5
66,16,5
67,16,5
67,16,5
68,16,2
68,16,2
69,19,1
69,19,2
69,19,1
70,19,1
71,19,1
72,19,1
73,19,1
74,19,1
75,19,3
75,19,1
75,19,4
75,19,2
75,19,3
75,19,1
75,19,4
75,19,2
76,19,3
76,19,1
77,19,1
78,19,1
79,19,1
80,19,1
81,19,1
82,19,1
83,19,1
83,19,2
84,19,1
84,19,2
85,20,4
85,20,2
85,20,4
85,20,2
85,20,3
85,20,4
85,20,2
85,20,3
85,20,4
85,20,2
85,20,4
85,20,3
85,20,4
85,20,2
85,20,4
85,20,3
85,20,4
85,20,2
86,20,3
86,20,4
86,20,4
86,20,2
86,20,3
86,20,4
86,20,4
86,20,2
86,20,3
86,20,3
86,20,4
86,20,4
86,20,2
86,20,2
86,20,3
86,20,3
86,20,4
86,20,4
86,20,2
86,20,2
86,20,3
86,20,4
86,20,2
86,20,3
86,20,3
86,20,4
86,20,4
86,20,2
86,20,2
86,20,3
86,20,4
86,20,2
86,20,3
86,20,3
86,20,4
86,20,4
86,20,2
86,20,2
87,20,3
87,20,4
87,20,2
87,20,3
87,20,4
87,20,2
87,20,3
87,20,4
87,20,2
87,20,3
87,20,4
87,20,2
87,20,3
87,20,2
87,20,3
87,20,4
87,20,2
87,20,3
87,20,2
87,20,3
87,20,4
87,20,2
88,21,0
88,21,0
88,21,0
88,22,0
89,22,0
90,22,0
91,22,0
92,22,0
93,22,0
94,22,0
95,21,0
95,21,0
95,21,0
96,21,0
96,21,0
96,21,0
97,21,0
97,21,0
97,21,0
98,21,0
98,21,0
98,21,0
99,22,0
100,22,0
101,22,0
102,22,0
103,22,0
104,21,0
104,21,0
104,21,0
104,21,0
104,21,0
104,22,0
105,21,0
105,21,0
105,21,0
105,21,0
105,21,0
105,22,0
106,21,0
106,21,0
106,21,0
106,21,0
106,21,0
107,21,0
107,21,0
107,21,0
107,22,0
107,21,0
107,21,0
107,21,0
107,21,0
107,21,0
108,21,0
108,21,0
108,21,0
108,22,0
109,21,0
109,21,0
109,21,0
109,22,0
110,22,0
111,22,0
112,22,0
112,22,0
113,21,0
113,21,0
113,21,0
113,21,0
113,21,0
113,21,0
113,21,0
113,21,0
113,22,0
114,21,0
114,21,0
114,21,0
114,21,0
114,21,0
114,21,0
114,21,0
114,21,0
114,22,0
115,21,0
115,21,0
115,21,0
115,21,0
115,21,0
115,21,0
115,21,0
115,21,0
115,22,0
116,21,0
116,21,0
116,21,0
116,21,0
116,21,0
116,21,0
116,21,0
116,21,0
116,22,0
117,21,0
117,21,0
117,21,0
117,21,0
117,21,0
117,21,0
117,21,0
117,21,0
118,21,0
118,21,0
118,21,0
118,21,0
118,21,0
118,21,0
118,21,0
118,21,0
119,21,0
119,21,0
119,21,0
119,21,0
119,21,0
119,21,0
119,21,0
119,21,0
120,22,0
120,22,0
121,21,0
121,21,0
121,21,0
121,21,0
121,21,0
121,21,0
121,21,0
121,21,0
121,21,0
121,21,0
121,21,0
121,22,0
121,22,3
121,22,1
122,22,0
123,22,0
124,22,0
125,22,0
126,22,0
127,22,0
127,22,0
128,22,0
129,21,0
129,21,0
129,21,0
129,21,0
129,21,0
129,21,0
129,21,0
129,21,0
129,21,0
129,21,0
129,21,0
129,22,0
129,21,0
129,21,0
129,21,0
129,21,1
129,21,0
129,21,0
129,21,0
129,21,1
129,21,0
129,21,0
129,21,0
129,21,1
129,21,0
129,21,0
129,22,0
130,21,0
130,21,0
130,21,0
130,21,1
130,21,0
130,21,0
130,21,0
130,21,1
130,21,0
130,21,0
130,21,0
130,21,1
130,21,0
130,21,0
130,22,0
131,21,0
131,21,0
131,21,0
131,21,0
131,21,0
131,21,0
131,21,0
131,21,0
131,21,0
131,21,0
131,21,0
131,22,0
132,21,0
132,21,0
132,21,0
132,21,0
132,21,0
132,21,0
132,21,0
132,21,0
133,21,0
133,21,0
133,21,0
133,21,0
133,21,0
133,21,0
133,21,0
133,21,0
134,22,0
134,22,0
135,22,0
136,22,0
137,22,0
138,22,0
139,23,0
139,22,0
140,23,0
140,22,0
141,23,0
141,22,0
142,23,0
142,23,1
142,22,0
142,24,0
142,25,0
142,23,0
142,26,0
142,26,1
142,26,0
142,26,1
142,26,0
142,26,1
142,26,0
142,26,1
142,22,0
142,22,1
142,24,0
142,27,0
142,28,0
142,29,0
143,25,0
143,23,0
143,26,0
143,26,1
143,26,0
143,26,1
143,26,0
143,26,1
143,26,0
143,26,1
143,22,0
143,22,1
143,24,0
143,27,0
143,28,0
143,29,0
144,25,0
144,23,0
144,26,0
144,26,1
144,26,0
144,26,1
144,26,0
144,26,1
144,26,0
144,26,1
144,22,0
144,22,1
144,24,0
144,27,0
144,28,0
144,29,0
145,25,0
145,23,0
145,26,0
145,26,1
145,26,0
145,26,1
145,26,0
145,26,1
145,26,0
145,26,1
145,22,0
145,22,1
145,24,0
145,27,0
145,28,0
145,29,0
146,26,1
146,26,1
146,26,1
146,26,1
146,22,0
146,22,0
146,22,1
146,25,0
146,23,0
146,26,0
146,26,1
146,26,0
146,26,1
146,26,0
146,26,1
146,26,0
146,26,1
146,22,0
146,22,1
146,24,0
146,27,0
146,28,0
146,29,0
147,21,0
147,21,0
147,21,0
147,22,0
147,21,0
147,21,1
147,21,0
147,21,1
147,21,0
147,21,1
147,22,0
147,22,1
148,21,0
148,21,1
148,21,0
148,21,1
148,21,0
148,21,1
148,22,0
148,22,1
149,21,0
149,21,1
149,21,0
149,21,1
149,21,0
149,21,1
149,22,0
149,22,1
150,21,0
150,21,1
150,21,0
150,21,1
150,21,0
150,21,1
150,22,0
150,22,1
151,21,0
151,21,1
151,21,0
151,21,1
151,21,0
151,21,1
151,22,0
151,22,1
152,21,0
152,21,1
152,21,0
152,21,1
152,21,0
152,21,1
152,22,0
152,22,1
153,25,0
153,25,0
153,25,0
153,25,0
153,25,0
153,25,0
153,30,0
153,31,0
153,31,0
153,31,0
153,32,0
153,23,0
153,21,0
153,21,0
153,21,0
153,21,0
153,21,0
153,21,0
153,21,0
153,21,0
153,22,0
153,24,0
153,27,0
153,27,0
153,27,0
153,27,0
153,27,0
153,27,0
153,28,0
153,29,0
153,33,0
153,33,0
153,25,0
153,25,0
153,25,0
153,31,0
153,32,0
153,23,0
153,34,0
153,35,0
153,35,0
153,35,0
153,21,0
153,21,0
153,21,0
153,21,0
153,21,0
153,21,1
153,21,0
153,21,0
153,21,0
153,21,1
153,21,0
153,21,0
153,21,0
153,21,1
153,26,0
153,26,1
153,26,0
153,26,1
153,26,0
153,26,1
153,26,0
153,26,1
153,27,0
153,27,0
153,27,0
153,27,0
153,27,0
153,27,0
153,28,0
154,25,0
154,25,0
154,25,0
154,31,0
154,32,0
154,23,0
154,34,0
154,35,0
154,35,0
154,35,0
154,21,0
154,21,0
154,21,0
154,21,0
154,21,0
154,21,1
154,21,0
154,21,0
154,21,0
154,21,1
154,21,0
154,21,0
154,21,0
154,21,1
154,26,0
154,26,1
154,26,0
154,26,1
154,26,0
154,26,1
154,26,0
154,26,1
154,27,0
154,27,0
154,27,0
154,27,0
154,27,0
154,27,0
154,28,0
155,25,0
155,25,0
155,25,0
155,31,0
155,32,0
155,23,0
155,34,0
155,35,0
155,35,0
155,35,0
155,21,0
155,21,0
155,21,0
155,21,0
155,21,0
155,21,1
155,21,0
155,21,0
155,21,0
155,21,1
155,21,0
155,21,0
155,21,0
155,21,1
155,26,0
155,26,1
155,26,0
155,26,1
155,26,0
155,26,1
155,26,0
155,26,1
155,27,0
155,27,0
155,27,0
155,27,0
155,27,0
155,27,0
155,28,0
156,25,0
156,25,0
156,25,0
156,31,0
156,32,0
156,23,0
156,34,0
156,35,0
156,35,0
156,35,0
156,21,0
156,21,0
156,21,0
156,21,0
156,21,0
156,21,1
156,21,0
156,21,0
156,21,0
156,21,1
156,21,0
156,21,0
156,21,0
156,21,1
156,26,0
156,26,1
156,26,0
156,26,1
156,26,0
156,26,1
156,26,0
156,26,1
156,27,0
156,27,0
156,27,0
156,27,0
156,27,0
156,27,0
156,28,0
157,25,0
157,25,0
157,25,0
157,31,0
157,32,0
157,23,0
157,34,0
157,35,0
157,35,0
157,35,0
157,21,0
157,21,0
157,21,0
157,21,0
157,21,0
157,21,1
157,21,0
157,21,0
157,21,0
157,21,1
157,21,0
157,21,0
157,21,0
157,21,1
157,26,0
157,26,1
157,26,0
157,26,1
157,26,0
157,26,1
157,26,0
157,26,1
157,27,0
157,27,0
157,27,0
157,27,0
157,27,0
157,27,0
157,28,0
158,21,0
158,21,0
158,21,0
158,21,0
158,21,0
158,21,0
158,25,0
158,25,0
158,25,0
158,31,0
158,32,0
158,23,0
158,34,0
158,35,0
158,35,0
158,35,0
158,21,0
158,21,0
158,21,0
158,21,0
158,21,0
158,21,1
158,21,0
158,21,0
158,21,0
158,21,1
158,21,0
158,21,0
158,21,0
158,21,1
158,26,0
158,26,1
158,26,0
158,26,1
158,26,0
158,26,1
158,26,0
158,26,1
158,27,0
158,27,0
158,27,0
158,27,0
158,27,0
158,27,0
158,28,0
159,21,0
159,21,0
159,21,0
159,21,0
159,21,0
159,21,0
160,21,0
160,21,0
160,21,0
160,21,0
160,21,0
160,21,0
161,21,0
161,21,0
161,21,0
161,21,0
161,21,0
161,21,0
162,21,0
162,21,0
162,21,0
162,21,0
162,21,0
162,21,0
162,21,0
162,21,0
162,21,0
163,21,0
163,21,0
163,21,0
164,21,0
164,21,0
164,21,0
164,21,0
164,21,0
164,21,0
164,21,0
164,21,0
164,21,0
164,21,0
164,21,0
164,22,0
165,21,0
165,21,0
165,21,0
165,22,0
166,21,0
166,21,0
166,21,0
167,21,0
167,21,0
167,21,0
167,21,0
167,21,0
167,21,0
168,22,0
169,22,0
170,21,0
170,21,0
170,21,1
170,21,0
170,21,0
170,21,1
170,21,0
170,21,0
170,21,1
170,21,1
170,21,0
170,21,0
170,21,0
170,21,0
170,21,0
170,21,0
170,21,1
170,21,1
170,21,1
170,21,0
170,21,0
170,21,1
170,21,1
170,21,0
170,21,0
170,21,0
170,21,0
170,21,0
170,21,0
170,21,1
170,21,1
170,21,1
170,21,0
170,21,0
170,21,1
170,21,1
170,21,0
170,21,0
170,21,0
170,21,0
170,21,0
170,21,0
170,21,1
170,21,1
170,21,1
170,26,0
170,26,1
170,26,1
170,26,0
170,26,1
170,26,1
170,26,0
170,26,1
170,26,1
170,26,0
170,26,1
170,26,1
170,22,0
170,22,0
170,22,0
170,22,1
170,22,1
170,22,0
171,21,0
171,21,0
171,21,0
171,22,0
172,21,0
172,21,0
172,21,0
172,21,0
172,21,0
172,21,0
172,22,0
173,21,0
173,21,0
173,21,0
174,36,4
174,37,4
174,38,4
174,39,4
174,39,4
175,38,1
175,39,1
175,39,1
176,38,1
176,39,1
176,39,1
176,38,1
176,39,1
176,39,1
176,39,1
176,39,1
176,40,1
176,41,1
176,42,1
177,38,1
177,39,1
177,39,1
177,39,1
177,39,1
177,40,1
177,41,1
177,42,1
178,43,0
178,44,0
178,45,0
178,45,0
178,45,0
178,45,0
178,38,0
178,39,0
178,39,0
178,39,0
178,39,0
178,40,0
178,41,0
178,42,0
178,46,0
178,47,0
178,48,0
178,49,0
179,43,1
179,44,1
179,45,3
179,45,1
179,45,2
179,45,0
179,45,1
179,45,2
179,45,3
179,45,1
179,45,2
179,45,0
179,45,1
179,45,2
179,38,1
179,38,2
179,39,0
179,39,1
179,39,1
179,39,2
179,39,2
179,39,0
179,39,1
179,39,1
179,39,2
179,39,2
179,40,0
179,40,1
179,40,2
179,41,0
179,41,1
179,41,1
179,41,2
179,41,2
179,50,1
179,50,2
179,42,1
179,42,1
179,42,2
179,46,0
179,47,0
179,48,0
179,49,3
179,49,1
179,49,2
180,43,1
180,44,1
180,45,3
180,45,1
180,45,2
180,45,0
180,45,1
180,45,2
180,45,3
180,45,1
180,45,2
180,45,0
180,45,1
180,45,2
180,38,1
180,38,2
180,39,0
180,39,1
180,39,1
180,39,2
180,39,2
180,39,0
180,39,1
180,39,1
180,39,2
180,39,2
180,40,0
180,40,1
180,40,2
180,41,0
180,41,1
180,41,1
180,41,2
180,41,2
180,50,1
180,50,2
180,42,1
180,42,1
180,42,2
180,46,0
180,47,0
180,48,0
180,49,3
180,49,1
180,49,2
181,51,4
181,51,4
181,43,0
181,43,3
181,43,1
181,43,2
181,44,0
181,44,3
181,44,1
181,44,2
181,45,0
181,45,3
181,45,1
181,45,2
181,45,0
181,45,3
181,45,1
181,45,2
181,45,0
181,45,3
181,45,1
181,45,2
181,45,0
181,45,3
181,45,1
181,45,2
181,38,0
181,38,3
181,38,1
181,38,2
181,39,0
181,39,0
181,39,3
181,39,3
181,39,1
181,39,1
181,39,2
181,39,2
181,39,0
181,39,0
181,39,3
181,39,3
181,39,1
181,39,1
181,39,2
181,39,2
181,40,0
181,40,3
181,40,1
181,40,2
181,41,0
181,41,3
181,41,3
181,41,1
181,41,1
181,41,2
181,41,2
181,50,3
181,50,1
181,50,2
181,42,3
181,42,1
181,42,2
181,42,3
181,42,1
181,42,2
181,46,1
181,46,0
181,46,3
181,46,1
181,46,1
181,46,0
181,46,3
181,46,0
181,46,3
181,46,1
181,47,0
181,47,3
181,48,0
181,48,3
181,49,0
181,49,3
181,49,1
181,49,2
181,52,0
181,53,0
181,54,0
181,43,1
181,44,1
181,45,3
181,45,1
181,45,2
181,45,0
181,45,1
181,45,2
181,45,3
181,45,1
181,45,2
181,45,0
181,45,1
181,45,2
181,38,1
181,38,2
181,39,0
181,39,1
181,39,1
181,39,2
181,39,2
181,39,0
181,39,1
181,39,1
181,39,2
181,39,2
181,40,0
181,40,1
181,40,2
181,41,0
181,41,1
181,41,1
181,41,2
181,41,2
181,50,1
181,50,2
181,42,1
181,42,1
181,42,2
181,46,0
181,47,0
181,48,0
181,49,3
181,49,1
181,49,2
182,51,4
182,51,4
182,43,0
182,43,3
182,43,1
182,43,2
182,44,0
182,44,3
182,44,1
182,44,2
182,45,0
182,45,3
182,45,1
182,45,2
182,45,0
182,45,3
182,45,1
182,45,2
182,45,0
182,45,3
182,45,1
182,45,2
182,45,0
182,45,3
182,45,1
182,45,2
182,38,0
182,38,3
182,38,1
182,38,2
182,39,0
182,39,0
182,39,3
182,39,3
182,39,1
182,39,1
182,39,2
182,39,2
182,39,0
182,39,0
182,39,3
182,39,3
182,39,1
182,39,1
182,39,2
182,39,2
182,40,0
182,40,3
182,40,1
182,40,2
182,41,0
182,41,3
182,41,3
182,41,1
182,41,1
182,41,2
182,41,2
182,50,3
182,50,1
182,50,2
182,42,3
182,42,1
182,42,2
182,42,3
182,42,1
182,42,2
182,46,1
182,46,0
182,46,3
182,46,1
182,46,1
182,46,0
182,46,3
182,46,0
182,46,3
182,46,1
182,47,0
182,47,3
182,48,0
182,48,3
182,49,0
182,49,3
182,49,1
182,49,2
182,52,0
182,53,0
182,54,0
182,51,4
182,51,4
182,43,0
182,43,3
182,43,1
182,44,0
182,44,3
182,44,1
182,45,3
182,45,1
182,45,5
182,45,2
182,45,0
182,45,3
182,45,1
182,45,5
182,45,2
182,45,3
182,45,1
182,45,5
182,45,2
182,45,0
182,45,3
182,45,1
182,45,5
182,45,2
182,38,0
182,38,3
182,38,1
182,38,5
182,38,2
182,39,0
182,39,0
182,39,3
182,39,3
182,39,1
182,39,1
182,39,5
182,39,5
182,39,2
182,39,2
182,39,0
182,39,0
182,39,3
182,39,3
182,39,1
182,39,1
182,39,5
182,39,5
182,39,2
182,39,2
182,40,0
182,40,3
182,40,1
182,40,5
182,40,2
182,41,0
182,41,3
182,41,3
182,41,1
182,41,1
182,41,5
182,41,5
182,41,2
182,41,2
182,50,3
182,50,1
182,50,5
182,50,2
182,42,3
182,42,1
182,42,5
182,42,3
182,42,1
182,42,5
182,42,2
182,46,1
182,46,0
182,46,1
182,47,0
182,48,0
182,49,0
182,49,3
182,49,1
182,49,5
182,49,2
182,52,0
182,53,0
182,54,0
182,55,1
183,51,4
183,51,4
183,43,0
183,43,3
183,43,1
183,44,0
183,44,3
183,44,1
183,45,3
183,45,1
183,45,5
183,45,2
183,45,0
183,45,3
183,45,1
183,45,5
183,45,2
183,45,3
183,45,1
183,45,5
183,45,2
183,45,0
183,45,3
183,45,1
183,45,5
183,45,2
183,38,0
183,38,3
183,38,1
183,38,5
183,38,2
183,39,0
183,39,0
183,39,3
183,39,3
183,39,1
183,39,1
183,39,5
183,39,5
183,39,2
183,39,2
183,39,0
183,39,0
183,39,3
183,39,3
183,39,1
183,39,1
183,39,5
183,39,5
183,39,2
183,39,2
183,40,0
183,40,3
183,40,1
183,40,5
183,40,2
183,41,0
183,41,3
183,41,3
183,41,1
183,41,1
183,41,5
183,41,5
183,41,2
183,41,2
183,50,3
183,50,1
183,50,5
183,50,2
183,42,3
183,42,1
183,42,5
183,42,3
183,42,1
183,42,5
183,42,2
183,46,1
183,46,0
183,46,1
183,47,0
183,48,0
183,49,0
183,49,3
183,49,1
183,49,5
183,49,2
183,52,0
183,53,0
183,54,0
183,55,1
184,51,4
184,51,4
184,36,3
184,36,1
184,36,2
184,37,3
184,37,1
184,37,2
184,43,0
184,43,3
184,43,1
184,43,5
184,44,0
184,44,3
184,44,1
184,44,5
184,45,0
184,45,3
184,45,1
184,45,5
184,45,2
184,45,0
184,45,3
184,45,1
184,45,5
184,45,2
184,45,0
184,45,3
184,45,1
184,45,5
184,45,2
184,45,0
184,45,3
184,45,1
184,45,5
184,45,2
184,38,0
184,38,3
184,38,1
184,38,5
184,38,2
184,39,0
184,39,0
184,39,3
184,39,3
184,39,1
184,39,1
184,39,5
184,39,5
184,39,2
184,39,2
184,39,0
184,39,0
184,39,3
184,39,3
184,39,1
184,39,1
184,39,5
184,39,5
184,39,2
184,39,2
184,40,0
184,40,3
184,40,1
184,40,5
184,40,2
184,41,0
184,41,3
184,41,1
184,41,1
184,41,5
184,41,5
184,41,2
184,50,1
184,50,5
184,42,0
184,42,3
184,42,1
184,42,5
184,42,1
184,42,5
184,46,0
184,46,1
184,46,0
184,46,1
184,46,5
184,46,0
184,46,1
184,47,0
184,47,1
184,47,5
184,48,0
184,48,1
184,48,5
184,49,0
184,49,3
184,49,1
184,49,5
184,49,2
184,52,0
184,53,0
184,54,0
184,56,4
184,56,4
185,51,4
185,36,3
185,36,3
185,37,3
185,37,3
185,43,0
185,44,0
185,45,0
185,45,3
185,45,0
185,45,3
185,45,0
185,45,3
185,45,0
185,45,3
185,38,0
185,38,3
185,39,0
185,39,0
185,39,3
185,39,3
185,39,0
185,39,0
185,39,3
185,39,3
185,40,0
185,40,3
185,41,0
185,41,3
185,42,0
185,46,0
185,46,0
185,46,0
185,47,0
185,48,0
185,49,0
185,49,3
186,51,4
186,51,4
186,57,4
186,36,0
186,36,3
186,36,1
186,36,2
186,36,3
186,36,1
186,36,5
186,36,2
186,37,0
186,37,3
186,37,1
186,37,2
186,37,3
186,37,1
186,37,5
186,37,2
186,43,1
186,44,1
186,45,3
186,45,1
186,45,5
186,45,3
186,45,1
186,45,5
186,45,3
186,45,1
186,45,5
186,45,3
186,45,1
186,45,5
186,38,3
186,38,1
186,39,0
186,39,3
186,39,3
186,39,1
186,39,1
186,39,0
186,39,3
186,39,3
186,39,1
186,39,1
186,40,0
186,40,3
186,40,1
186,41,0
186,41,3
186,41,1
186,41,1
186,50,1
186,42,1
186,42,1
186,46,1
186,46,0
186,46,1
186,47,0
186,48,0
186,49,3
186,49,1
187,51,4
187,51,4
187,36,3
187,36,1
187,36,2
187,36,3
187,36,1
187,37,3
187,37,1
187,37,2
187,37,3
187,37,1
187,45,3
187,45,1
187,45,3
187,45,1
187,45,3
187,45,1
187,45,3
187,45,1
187,38,1
187,39,1
187,39,1
187,39,1
187,39,1
187,40,1
187,41,1
187,41,1
187,50,1
187,42,1
187,42,1
187,46,0
187,47,0
187,48,0
187,49,1
187,51,4
187,51,4
187,36,0
187,36,3
187,36,1
187,36,2
187,36,0
187,36,3
187,36,1
187,37,0
187,37,3
187,37,1
187,37,2
187,37,0
187,37,3
187,37,1
187,45,1
187,45,0
187,45,3
187,45,1
187,45,5
187,45,1
187,45,0
187,45,3
187,45,1
187,45,5
187,38,0
187,38,1
187,39,0
187,39,0
187,39,1
187,39,1
187,39,0
187,39,0
187,39,1
187,39,1
187,40,0
187,40,1
187,41,0
187,41,1
187,41,1
187,50,1
187,42,1
187,46,0
187,46,0
187,46,0
187,47,0
187,48,0
187,49,0
187,49,1
187,52,0
187,53,0
187,54,0
187,55,1
187,55,1
187,58,1
188,51,4
188,51,4
188,36,0
188,36,3
188,36,1
188,36,2
188,36,0
188,36,3
188,36,1
188,37,0
188,37,3
188,37,1
188,37,2
188,37,0
188,37,3
188,37,1
188,45,1
188,45,0
188,45,3
188,45,1
188,45,5
188,45,1
188,45,0
188,45,3
188,45,1
188,45,5
188,38,0
188,38,1
188,39,0
188,39,0
188,39,1
188,39,1
188,39,0
188,39,0
188,39,1
188,39,1
188,40,0
188,40,1
188,41,0
188,41,1
188,41,1
188,50,1
188,42,1
188,46,0
188,46,0
188,46,0
188,47,0
188,48,0
188,49,0
188,49,1
188,52,0
188,53,0
188,54,0
188,55,1
188,55,1
188,58,1
189,51,4
189,51,4
189,36,0
189,36,3
189,36,1
189,36,2
189,36,0
189,36,3
189,36,1
189,37,0
189,37,3
189,37,1
189,37,2
189,37,0
189,37,3
189,37,1
189,45,1
189,45,0
189,45,3
189,45,1
189,45,5
189,45,1
189,45,0
189,45,3
189,45,1
189,45,5
189,38,0
189,38,1
189,39,0
189,39,0
189,39,1
189,39,1
189,39,0
189,39,0
189,39,1
189,39,1
189,40,0
189,40,1
189,41,0
189,41,1
189,41,1
189,50,1
189,42,1
189,46,0
189,46,0
189,46,0
189,47,0
189,48,0
189,49,0
189,49,1
189,52,0
189,53,0
189,54,0
189,55,1
189,55,1
189,58,1
190,51,4
190,51,4
190,36,0
190,36,3
190,36,1
190,36,2
190,36,0
190,36,1
190,36,5
190,36,2
190,37,0
190,37,3
190,37,1
190,37,2
190,37,0
190,37,1
190,37,5
190,37,2
190,45,1
190,45,0
190,45,3
190,45,1
190,45,5
190,45,1
190,45,0
190,45,3
190,45,1
190,45,5
190,38,1
190,39,0
190,39,1
190,39,1
190,39,0
190,39,1
190,39,1
190,40,0
190,40,1
190,41,0
190,41,1
190,41,1
190,50,1
190,42,1
190,42,1
190,46,0
190,47,0
190,48,0
190,49,0
190,49,1
190,52,0
190,53,0
190,54,0
190,55,1
190,58,1
190,51,4
190,51,4
190,36,0
190,36,3
190,36,1
190,36,2
190,36,0
190,36,3
190,36,1
190,37,0
190,37,3
190,37,1
190,37,2
190,37,0
190,37,3
190,37,1
190,45,1
190,45,0
190,45,3
190,45,1
190,45,5
190,45,1
190,45,0
190,45,3
190,45,1
190,45,5
190,38,0
190,38,1
190,39,0
190,39,0
190,39,1
190,39,1
190,39,0
190,39,0
190,39,1
190,39,1
190,40,0
190,40,1
190,41,0
190,41,1
190,41,1
190,50,1
190,42,1
190,46,0
190,46,0
190,46,0
190,47,0
190,48,0
190,49,0
190,49,1
190,52,0
190,53,0
190,54,0
190,55,1
190,55,1
190,58,1
191,51,4
191,51,4
191,36,0
191,36,3
191,36,1
191,36,2
191,36,0
191,36,1
191,36,5
191,36,2
191,37,0
191,37,3
191,37,1
191,37,2
191,37,0
191,37,1
191,37,5
191,37,2
191,45,1
191,45,0
191,45,3
191,45,1
191,45,5
191,45,1
191,45,0
191,45,3
191,45,1
191,45,5
191,38,1
191,39,0
191,39,1
191,39,1
191,39,0
191,39,1
191,39,1
191,40,0
191,40,1
191,41,0
191,41,1
191,41,1
191,50,1
191,42,1
191,42,1
191,46,0
191,47,0
191,48,0
191,49,0
191,49,1
191,52,0
191,53,0
191,54,0
191,55,1
191,58,1
192,36,0
192,36,3
192,36,1
192,36,2
192,36,0
192,36,3
192,36,1
192,36,5
192,36,2
192,37,0
192,37,3
192,37,1
192,37,2
192,37,0
192,37,3
192,37,1
192,37,5
192,37,2
192,43,1
192,44,1
192,45,1
192,45,1
192,45,1
192,45,1
192,38,1
192,38,5
192,39,0
192,39,1
192,39,1
192,39,5
192,39,0
192,39,1
192,39,1
192,39,5
192,40,0
192,40,1
192,41,0
192,41,1
192,41,1
192,50,1
192,42,1
192,42,1
192,49,1
193,51,4
193,51,4
193,36,0
193,36,3
193,36,1
193,36,2
193,36,0
193,36,3
193,36,1
193,36,5
193,36,2
193,37,0
193,37,3
193,37,1
193,37,2
193,37,0
193,37,3
193,37,1
193,37,5
193,37,2
193,43,0
193,43,3
193,43,1
193,43,2
193,44,0
193,44,3
193,44,1
193,44,2
193,45,1
193,45,0
193,45,3
193,45,1
193,45,1
193,45,0
193,45,3
193,45,1
193,38,1
193,39,0
193,39,1
193,39,1
193,39,0
193,39,1
193,39,1
193,40,0
193,40,1
193,41,0
193,41,1
193,41,1
193,50,1
193,42,1
193,42,1
193,46,0
193,47,0
193,48,0
193,49,0
193,49,1
193,52,0
193,53,0
193,54,0
193,36,0
193,36,0
193,37,0
193,37,0
193,43,0
193,44,0
193,45,0
193,45,0
193,45,0
193,45,0
193,38,0
193,39,0
193,39,0
193,39,0
193,39,0
193,40,0
193,41,0
193,49,0
194,36,0
194,36,0
194,37,0
194,37,0
194,43,0
194,44,0
194,45,0
194,45,0
194,45,0
194,45,0
194,38,0
194,39,0
194,39,0
194,39,0
194,39,0
194,40,0
194,41,0
194,49,0
195,36,0
195,36,0
195,37,0
195,37,0
195,43,0
195,44,0
195,45,0
195,45,0
195,45,0
195,45,0
195,38,0
195,39,0
195,39,0
195,39,0
195,39,0
195,40,0
195,41,0
195,49,0
196,51,4
196,51,4
196,36,0
196,36,3
196,36,1
196,36,2
196,36,3
196,36,1
196,36,5
196,36,2
196,37,0
196,37,3
196,37,1
196,37,2
196,37,3
196,37,1
196,37,5
196,37,2
196,43,1
196,43,5
196,44,1
196,44,5
196,45,3
196,45,1
196,45,5
196,45,3
196,45,1
196,45,5
196,38,3
196,38,1
196,38,5
196,39,3
196,39,1
196,39,1
196,39,5
196,39,3
196,39,1
196,39,1
196,39,5
196,40,1
196,41,1
196,41,1
196,50,1
196,42,1
196,42,1
196,49,1
196,49,5
196,36,0
196,36,0
196,37,0
196,37,0
196,43,0
196,44,0
196,45,0
196,45,0
196,45,0
196,45,0
196,38,0
196,39,0
196,39,0
196,39,0
196,39,0
196,40,0
196,41,0
196,49,0
197,51,4
197,51,4
197,51,4
197,51,4
197,36,0
197,36,0
197,36,3
197,36,3
197,36,1
197,36,1
197,36,2
197,36,2
197,36,3
197,36,3
197,36,1
197,36,1
197,36,5
197,36,5
197,36,2
197,36,2
197,37,0
197,37,0
197,37,3
197,37,3
197,37,1
197,37,1
197,37,2
197,37,2
197,37,3
197,37,3
197,37,1
197,37,1
197,37,5
197,37,5
197,37,2
197,37,2
197,43,1
197,43,1
197,43,5
197,44,1
197,44,1
197,44,5
197,45,3
197,45,1
197,45,5
197,45,3
197,45,1
197,45,5
197,38,3
197,38,1
197,38,1
197,38,5
197,38,5
197,39,0
197,39,3
197,39,1
197,39,1
197,39,1
197,39,1
197,39,5
197,39,5
197,39,0
197,39,3
197,39,1
197,39,1
197,39,1
197,39,1
197,39,5
197,39,5
197,40,0
197,40,1
197,40,1
197,41,0
197,41,1
197,41,1
197,41,1
197,41,1
197,50,1
197,50,1
197,42,1
197,42,1
197,42,1
197,42,1
197,49,1
197,49,1
197,49,5
197,49,2
197,55,1
197,55,1
197,58,1
198,51,4
198,51,4
198,36,0
198,36,3
198,36,1
198,36,2
198,36,3
198,36,1
198,36,5
198,36,2
198,37,0
198,37,3
198,37,1
198,37,2
198,37,3
198,37,1
198,37,5
198,37,2
198,43,1
198,44,1
198,38,1
198,38,5
198,39,0
198,39,1
198,39,1
198,39,5
198,39,0
198,39,1
198,39,1
198,39,5
198,40,0
198,40,1
198,41,0
198,41,1
198,41,1
198,50,1
198,42,1
198,42,1
198,49,1
198,49,2
198,55,1
198,55,1
198,58,1
198,51,4
198,51,4
198,36,0
198,36,3
198,36,1
198,36,2
198,36,0
198,36,3
198,36,1
198,36,5
198,36,2
198,37,0
198,37,3
198,37,1
198,37,2
198,37,0
198,37,3
198,37,1
198,37,5
198,37,2
198,43,0
198,43,3
198,43,1
198,43,5
198,44,0
198,44,3
198,44,1
198,44,5
198,38,0
198,38,3
198,38,1
198,38,5
198,38,2
198,39,0
198,39,0
198,39,3
198,39,3
198,39,1
198,39,1
198,39,5
198,39,5
198,39,2
198,39,2
198,39,0
198,39,0
198,39,3
198,39,3
198,39,1
198,39,1
198,39,5
198,39,5
198,39,2
198,39,2
198,40,0
198,40,3
198,40,1
198,40,5
198,40,2
198,41,0
198,41,3
198,41,1
198,41,1
198,41,5
198,41,5
198,41,2
198,50,1
198,50,5
198,42,1
198,42,1
198,42,5
198,46,1
198,46,1
198,49,0
198,49,3
198,49,1
198,49,5
198,49,2
198,59,2
198,59,2
198,60,5
199,51,4
199,51,4
199,61,1
199,61,1
199,62,1
199,62,1
199,63,1
199,36,0
199,36,3
199,36,1
199,36,2
199,36,0
199,36,3
199,36,1
199,36,5
199,36,2
199,37,0
199,37,3
199,37,1
199,37,2
199,37,0
199,37,3
199,37,1
199,37,5
199,37,2
199,43,0
199,43,1
199,44,0
199,44,1
199,45,1
199,45,5
199,45,0
199,45,3
199,45,1
199,45,5
199,45,2
199,45,1
199,45,5
199,45,0
199,45,3
199,45,1
199,45,5
199,45,2
199,41,1
199,41,5
199,41,2
199,50,1
199,50,5
199,50,2
199,42,1
199,42,5
199,42,2
199,42,1
199,42,5
199,42,2
199,46,1
199,46,0
199,46,1
199,46,1
199,46,0
199,46,1
199,46,2
199,46,0
199,46,1
199,47,0
199,47,1
199,47,2
199,48,0
199,48,1
199,48,2
199,49,0
199,49,3
199,49,1
199,49,5
199,49,2
199,52,0
199,53,0
199,54,0
199,64,1
199,55,1
199,58,1
199,65,4
199,65,4
199,66,4
200,51,4
200,51,4
200,51,4
200,51,4
200,61,1
200,61,1
200,61,1
200,62,1
200,62,1
200,62,1
200,62,1
200,63,1
200,63,1
200,36,0
200,36,0
200,36,3
200,36,3
200,36,1
200,36,1
200,36,2
200,36,2
200,36,0
200,36,0
200,36,3
200,36,3
200,36,1
200,36,1
200,36,5
200,36,5
200,36,2
200,36,2
200,37,0
200,37,0
200,37,3
200,37,3
200,37,1
200,37,1
200,37,2
200,37,2
200,37,0
200,37,0
200,37,3
200,37,3
200,37,1
200,37,1
200,37,5
200,37,5
200,37,2
200,37,2
200,43,0
200,43,0
200,43,1
200,43,1
200,44,0
200,44,0
200,44,1
200,44,1
200,45,0
200,45,1
200,45,1
200,45,5
200,45,0
200,45,0
200,45,3
200,45,3
200,45,1
200,45,1
200,45,5
200,45,5
200,45,2
200,45,2
200,45,0
200,45,1
200,45,1
200,45,5
200,45,0
200,45,0
200,45,3
200,45,3
200,45,1
200,45,1
200,45,5
200,45,5
200,45,2
200,45,2
200,41,1
200,41,5
200,41,2
200,50,1
200,50,5
200,50,2
200,42,1
200,42,1
200,42,5
200,42,2
200,42,2
200,42,1
200,42,5
200,42,2
200,46,0
200,46,1
200,46,1
200,46,0
200,46,0
200,46,1
200,46,1
200,46,2
200,46,0
200,46,1
200,46,1
200,46,0
200,46,0
200,46,1
200,46,1
200,46,5
200,46,2
200,46,0
200,46,0
200,46,1
200,46,1
200,46,2
200,47,0
200,47,0
200,47,1
200,47,1
200,47,5
200,47,2
200,48,0
200,48,0
200,48,1
200,48,1
200,48,5
200,48,2
200,49,0
200,49,0
200,49,3
200,49,3
200,49,1
200,49,1
200,49,5
200,49,5
200,49,2
200,49,2
200,52,0
200,52,0
200,53,0
200,53,0
200,54,0
200,54,0
200,64,1
200,64,1
200,55,1
200,55,1
200,55,1
200,58,1
200,58,1
200,65,4
200,65,4
200,56,4
200,56,4
200,66,4
201,51,4
201,51,4
201,61,1
201,62,1
201,62,1
201,63,1
201,36,0
201,36,3
201,36,1
201,36,2
201,36,0
201,36,3
201,36,1
201,36,5
201,36,2
201,37,0
201,37,3
201,37,1
201,37,2
201,37,0
201,37,3
201,37,1
201,37,5
201,37,2
201,43,0
201,43,1
201,44,0
201,44,1
201,45,0
201,45,1
201,45,0
201,45,3
201,45,1
201,45,5
201,45,2
201,45,0
201,45,1
201,45,0
201,45,3
201,45,1
201,45,5
201,45,2
201,42,1
201,42,2
201,46,0
201,46,1
201,46,0
201,46,1
201,46,2
201,46,0
201,46,1
201,46,0
201,46,1
201,46,5
201,46,0
201,46,1
201,46,2
201,47,0
201,47,1
201,47,5
201,48,0
201,48,1
201,48,5
201,49,0
201,49,3
201,49,1
201,49,5
201,49,2
201,52,0
201,53,0
201,54,0
201,64,1
201,55,1
201,55,1
201,58,1
201,56,4
201,56,4
202,51,4
202,51,4
202,61,1
202,62,1
202,62,1
202,63,1
202,36,0
202,36,3
202,36,1
202,36,2
202,36,0
202,36,3
202,36,1
202,36,5
202,36,2
202,37,0
202,37,3
202,37,1
202,37,2
202,37,0
202,37,3
202,37,1
202,37,5
202,37,2
202,43,0
202,43,1
202,44,0
202,44,1
202,45,0
202,45,1
202,45,0
202,45,3
202,45,1
202,45,5
202,45,2
202,45,0
202,45,1
202,45,0
202,45,3
202,45,1
202,45,5
202,45,2
202,42,1
202,42,2
202,46,0
202,46,1
202,46,0
202,46,1
202,46,2
202,46,0
202,46,1
202,46,0
202,46,1
202,46,5
202,46,0
202,46,1
202,46,2
202,47,0
202,47,1
202,47,5
202,48,0
202,48,1
202,48,5
202,49,0
202,49,3
202,49,1
202,49,5
202,49,2
202,52,0
202,53,0
202,54,0
202,64,1
202,55,1
202,55,1
202,58,1
202,56,4
202,56,4
203,51,4
203,51,4
203,51,4
203,51,4
203,61,1
203,62,1
203,62,1
203,63,1
203,36,0
203,36,3
203,36,3
203,36,1
203,36,1
203,36,2
203,36,2
203,36,0
203,36,3
203,36,3
203,36,1
203,36,1
203,36,5
203,36,5
203,36,2
203,36,2
203,37,0
203,37,3
203,37,3
203,37,1
203,37,1
203,37,2
203,37,2
203,37,0
203,37,3
203,37,3
203,37,1
203,37,1
203,37,5
203,37,5
203,37,2
203,37,2
203,43,0
203,43,1
203,43,1
203,44,0
203,44,1
203,44,1
203,45,0
203,45,1
203,45,1
203,45,0
203,45,3
203,45,1
203,45,1
203,45,5
203,45,5
203,45,2
203,45,0
203,45,1
203,45,1
203,45,0
203,45,3
203,45,1
203,45,1
203,45,5
203,45,5
203,45,2
203,38,1
203,38,5
203,38,2
203,39,1
203,39,5
203,39,2
203,39,1
203,39,5
203,39,2
203,42,1
203,42,2
203,46,0
203,46,1
203,46,1
203,46,0
203,46,1
203,46,1
203,46,5
203,46,2
203,46,0
203,46,1
203,46,1
203,46,0
203,46,1
203,46,1
203,46,5
203,46,5
203,46,0
203,46,1
203,46,1
203,46,5
203,46,2
203,47,0
203,47,1
203,47,1
203,47,5
203,47,5
203,48,0
203,48,1
203,48,1
203,48,5
203,48,5
203,49,0
203,49,0
203,49,3
203,49,3
203,49,1
203,49,1
203,49,5
203,49,5
203,49,2
203,49,2
203,52,0
203,53,0
203,54,0
203,64,1
203,64,1
203,55,1
203,55,1
203,58,1
203,56,4
203,56,4
204,51,4
204,51,4
204,36,3
204,36,1
204,36,2
204,36,3
204,36,1
204,36,5
204,36,2
204,37,3
204,37,1
204,37,2
204,37,3
204,37,1
204,37,5
204,37,2
204,43,1
204,44,1
204,45,1
204,45,1
204,45,5
204,45,1
204,45,1
204,45,5
204,38,1
204,38,5
204,38,2
204,39,1
204,39,5
204,39,2
204,39,1
204,39,5
204,39,2
204,46,1
204,46,1
204,46,5
204,46,1
204,46,1
204,46,5
204,46,1
204,46,5
204,47,1
204,47,5
204,48,1
204,48,5
204,49,0
204,49,3
204,49,1
204,49,5
204,49,2
204,64,1
205,51,4
205,51,4
205,61,1
205,62,1
205,62,1
205,63,1
205,36,3
205,36,1
205,36,1
205,36,2
205,36,2
205,36,3
205,36,1
205,36,5
205,37,3
205,37,1
205,37,1
205,37,2
205,37,2
205,37,3
205,37,1
205,37,5
205,45,1
205,45,1
205,45,1
205,45,1
205,38,1
205,38,1
205,38,5
205,38,2
205,39,0
205,39,1
205,39,1
205,39,1
205,39,1
205,39,5
205,39,2
205,39,2
205,39,2
205,39,0
205,39,1
205,39,1
205,39,1
205,39,1
205,39,5
205,39,2
205,39,2
205,39,2
205,40,0
205,40,1
205,40,1
205,40,2
205,40,2
205,41,0
205,41,1
205,41,1
205,41,1
205,41,2
205,41,2
205,50,1
205,42,1
205,46,1
205,46,1
205,46,1
205,46,0
205,46,0
205,46,1
205,46,1
205,46,5
205,46,1
205,47,0
205,47,0
205,47,1
205,47,1
205,47,5
205,48,0
205,48,0
205,48,1
205,48,1
205,48,5
205,49,0
205,49,0
205,49,3
205,49,3
205,49,1
205,49,1
205,49,5
205,49,2
205,49,2
205,52,0
205,52,0
205,53,0
205,53,0
205,54,0
205,54,0
205,64,1
205,55,1
205,58,1
205,56,4
205,56,4
205,36,1
205,37,1
205,38,1
205,39,0
205,39,1
205,39,1
205,39,0
205,39,1
205,39,1
205,40,0
205,40,1
205,41,0
205,41,1
205,41,1
205,50,1
205,42,1
205,42,1
205,49,0
205,49,3
205,49,1
205,49,5
205,52,0
205,53,0
205,54,0
205,51,4
205,51,4
205,36,3
205,36,1
205,36,2
205,36,3
205,36,1
205,36,5
205,36,2
205,37,3
205,37,1
205,37,2
205,37,3
205,37,1
205,37,5
205,37,2
205,43,1
205,44,1
205,45,1
205,45,1
205,45,5
205,45,1
205,45,1
205,45,5
205,38,1
205,38,5
205,38,2
205,39,1
205,39,5
205,39,2
205,39,1
205,39,5
205,39,2
205,46,1
205,46,1
205,46,5
205,46,1
205,46,1
205,46,5
205,46,1
205,46,5
205,47,1
205,47,5
205,48,1
205,48,5
205,49,0
205,49,3
205,49,1
205,49,5
205,49,2
205,64,1
205,36,0
205,36,3
205,36,0
205,37,0
205,37,3
205,37,0
205,43,0
205,44,0
205,38,0
205,38,1
205,38,2
205,39,0
205,39,0
205,39,1
205,39,1
205,39,5
205,39,2
205,39,0
205,39,0
205,39,1
205,39,1
205,39,5
205,39,2
205,40,0
205,40,1
205,40,5
205,41,0
205,41,1
205,41,1
205,41,5
205,41,5
205,50,1
205,50,5
205,42,0
205,42,1
205,42,5
205,42,1
205,42,5
205,46,0
205,46,1
205,46,0
205,46,1
205,49,0
205,49,3
205,49,1
205,49,2
205,52,0
205,53,0
205,54,0
205,51,4
205,51,4
205,36,0
205,36,3
205,36,1
205,36,1
205,37,0
205,37,3
205,37,1
205,37,1
205,43,0
205,44,0
205,45,1
205,45,1
205,38,0
205,38,1
205,39,0
205,39,0
205,39,1
205,39,1
205,39,2
205,39,0
205,39,0
205,39,1
205,39,1
205,39,2
205,40,0
205,40,1
205,40,2
205,41,0
205,41,1
205,41,1
205,41,5
205,41,2
205,50,1
205,50,5
205,42,1
205,42,1
205,42,5
205,46,0
205,46,1
205,47,0
205,47,1
205,48,0
205,48,1
205,49,0
205,49,3
205,49,1
205,49,5
205,49,2
205,52,0
205,53,0
205,54,0
205,64,1
206,36,0
206,36,3
206,36,0
206,37,0
206,37,3
206,37,0
206,43,0
206,44,0
206,38,0
206,38,1
206,38,2
206,39,0
206,39,0
206,39,1
206,39,1
206,39,5
206,39,2
206,39,0
206,39,0
206,39,1
206,39,1
206,39,5
206,39,2
206,40,0
206,40,1
206,40,5
206,41,0
206,41,1
206,41,1
206,41,5
206,41,5
206,50,1
206,50,5
206,42,0
206,42,1
206,42,5
206,42,1
206,42,5
206,46,0
206,46,1
206,46,0
206,46,1
206,49,0
206,49,3
206,49,1
206,49,2
206,52,0
206,53,0
206,54,0
207,36,0
207,36,3
207,36,0
207,37,0
207,37,3
207,37,0
207,43,0
207,44,0
207,38,0
207,38,1
207,38,2
207,39,0
207,39,0
207,39,1
207,39,1
207,39,5
207,39,2
207,39,0
207,39,0
207,39,1
207,39,1
207,39,5
207,39,2
207,40,0
207,40,1
207,40,5
207,41,0
207,41,1
207,41,1
207,41,5
207,41,5
207,50,1
207,50,5
207,42,0
207,42,1
207,42,5
207,42,1
207,42,5
207,46,0
207,46,1
207,46,0
207,46,1
207,49,0
207,49,3
207,49,1
207,49,2
207,52,0
207,53,0
207,54,0
208,36,0
208,36,3
208,36,0
208,37,0
208,37,3
208,37,0
208,43,0
208,44,0
208,38,0
208,38,1
208,38,2
208,39,0
208,39,0
208,39,1
208,39,1
208,39,5
208,39,2
208,39,0
208,39,0
208,39,1
208,39,1
208,39,5
208,39,2
208,40,0
208,40,1
208,40,5
208,41,0
208,41,1
208,41,1
208,41,5
208,41,5
208,50,1
208,50,5
208,42,0
208,42,1
208,42,5
208,42,1
208,42,5
208,46,0
208,46,1
208,46,0
208,46,1
208,49,0
208,49,3
208,49,1
208,49,2
208,52,0
208,53,0
208,54,0
209,36,1
209,36,2
209,36,1
209,37,1
209,37,2
209,37,1
209,45,1
209,45,1
209,45,1
209,45,1
209,38,1
209,39,0
209,39,1
209,39,1
209,39,2
209,39,0
209,39,1
209,39,1
209,39,2
209,40,0
209,40,1
209,40,2
209,41,0
209,41,1
209,41,1
209,41,2
209,50,1
209,42,1
209,42,1
209,46,1
209,46,1
209,49,0
209,49,1
209,49,2
209,36,0
209,36,3
209,36,3
209,37,0
209,37,3
209,37,3
209,45,0
209,45,0
209,45,0
209,45,0
209,39,0
209,39,3
209,39,0
209,39,3
209,40,0
209,40,3
209,41,0
209,41,3
209,41,3
209,50,3
209,42,3
209,42,3
209,46,3
209,46,0
209,46,3
209,46,3
209,47,0
209,47,3
209,48,0
209,48,3
209,49,0
209,49,3
210,36,0
210,36,3
210,36,3
210,37,0
210,37,3
210,37,3
210,45,0
210,45,0
210,45,0
210,45,0
210,39,0
210,39,3
210,39,0
210,39,3
210,40,0
210,40,3
210,41,0
210,41,3
210,41,3
210,50,3
210,42,3
210,42,3
210,46,3
210,46,0
210,46,3
210,46,3
210,47,0
210,47,3
210,48,0
210,48,3
210,49,0
210,49,3
211,36,3
211,36,1
211,36,2
211,36,1
211,36,2
211,37,3
211,37,1
211,37,2
211,37,1
211,37,2
211,45,1
211,45,1
211,45,2
211,45,1
211,45,1
211,45,2
211,38,1
211,39,1
211,39,1
211,39,2
211,39,1
211,39,1
211,39,2
211,40,1
211,40,2
211,41,3
211,41,1
211,41,1
211,41,5
211,41,2
211,41,2
211,50,3
211,50,1
211,50,5
211,50,2
211,42,3
211,42,1
211,42,2
211,42,3
211,42,1
211,42,5
211,42,2
211,46,3
211,46,1
211,46,0
211,46,1
211,46,2
211,46,3
211,46,1
211,47,0
211,47,1
211,47,2
211,48,0
211,48,1
211,48,2
211,49,3
211,49,1
211,49,2
211,60,1
212,36,3
212,36,1
212,36,2
212,36,1
212,37,3
212,37,1
212,37,2
212,37,1
212,43,0
212,43,1
212,44,0
212,44,1
212,45,1
212,45,1
212,45,2
212,45,1
212,45,1
212,45,2
212,38,1
212,38,2
212,39,0
212,39,1
212,39,1
212,39,2
212,39,2
212,39,0
212,39,1
212,39,1
212,39,2
212,39,2
212,40,0
212,40,1
212,40,2
212,41,0
212,41,1
212,41,1
212,41,5
212,41,2
212,41,2
212,50,1
212,50,5
212,50,2
212,42,3
212,42,1
212,42,5
212,42,2
212,42,1
212,42,5
212,42,2
212,46,3
212,46,1
212,46,2
212,46,0
212,46,1
212,46,2
212,46,3
212,46,1
212,46,2
212,47,0
212,47,1
212,47,2
212,48,0
212,48,1
212,48,2
212,49,3
212,49,1
213,51,4
213,36,0
213,36,3
213,36,1
213,36,0
213,36,1
213,37,0
213,37,3
213,37,1
213,37,0
213,37,1
213,43,1
213,44,1
213,45,1
213,45,1
213,45,1
213,45,1
213,38,3
213,38,1
213,39,0
213,39,3
213,39,3
213,39,1
213,39,1
213,39,0
213,39,3
213,39,3
213,39,1
213,39,1
213,40,0
213,40,3
213,40,1
213,41,0
213,41,3
213,41,3
213,41,1
213,41,1
213,50,3
213,50,1
213,42,0
213,42,3
213,42,1
213,42,3
213,42,1
213,46,1
213,46,0
213,46,3
213,46,1
213,46,1
213,46,0
213,46,1
213,46,0
213,46,3
213,46,1
213,47,0
213,47,1
213,48,0
213,48,1
214,51,4
214,51,4
214,36,0
214,36,3
214,36,1
214,36,2
214,36,0
214,36,3
214,36,1
214,36,5
214,36,2
214,37,0
214,37,3
214,37,1
214,37,2
214,37,0
214,37,3
214,37,1
214,37,5
214,37,2
214,43,0
214,43,1
214,44,0
214,44,1
214,45,1
214,45,2
214,45,0
214,45,3
214,45,1
214,45,5
214,45,2
214,45,1
214,45,2
214,45,0
214,45,3
214,45,1
214,45,5
214,45,2
214,38,0
214,38,3
214,38,1
214,38,5
214,38,2
214,39,0
214,39,0
214,39,3
214,39,3
214,39,1
214,39,1
214,39,5
214,39,5
214,39,2
214,39,2
214,39,0
214,39,0
214,39,3
214,39,3
214,39,1
214,39,1
214,39,5
214,39,5
214,39,2
214,39,2
214,40,0
214,40,3
214,40,1
214,40,5
214,40,2
214,41,0
214,41,0
214,41,3
214,41,3
214,41,1
214,41,1
214,41,5
214,41,5
214,41,2
214,41,2
214,50,0
214,50,3
214,50,1
214,50,5
214,50,2
214,42,0
214,42,3
214,42,1
214,42,5
214,42,2
214,42,0
214,42,3
214,42,1
214,42,5
214,42,2
214,46,0
214,46,3
214,46,1
214,46,5
214,46,0
214,46,3
214,46,1
214,46,5
214,46,2
214,46,0
214,46,3
214,46,1
214,46,5
214,46,0
214,46,3
214,46,1
214,46,2
214,46,0
214,46,3
214,46,1
214,46,5
214,46,2
214,47,0
214,47,3
214,47,1
214,47,2
214,48,0
214,48,3
214,48,1
214,48,2
214,52,0
214,53,0
214,54,0
214,55,1
214,58,1
214,59,2
214,59,2
214,66,4
215,51,4
215,36,0
215,36,3
215,36,1
215,36,0
215,36,3
215,36,1
215,37,0
215,37,3
215,37,1
215,37,0
215,37,3
215,37,1
215,43,0
215,43,3
215,43,1
215,44,0
215,44,3
215,44,1
215,45,0
215,45,3
215,45,1
215,45,0
215,45,3
215,45,1
215,45,0
215,45,3
215,45,1
215,45,0
215,45,3
215,45,1
215,38,0
215,38,3
215,38,1
215,39,0
215,39,0
215,39,3
215,39,3
215,39,1
215,39,1
215,39,0
215,39,0
215,39,3
215,39,3
215,39,1
215,39,1
215,40,0
215,40,3
215,40,1
215,41,0
215,41,3
215,41,3
215,41,1
215,41,1
215,50,3
215,50,1
215,42,0
215,42,3
215,42,1
215,42,3
215,42,1
215,46,3
215,46,1
215,46,0
215,46,3
215,46,1
215,46,3
215,46,1
215,46,0
215,46,3
215,46,1
215,46,0
215,46,3
215,46,1
215,47,0
215,47,3
215,47,1
215,48,0
215,48,3
215,48,1
215,49,0
215,49,3
215,49,1
216,36,0
216,36,0
216,37,0
216,37,0
216,43,0
216,44,0
216,38,0
216,39,0
216,39,0
216,39,0
216,39,0
216,40,0
216,41,0
216,42,0
216,46,0
216,46,0
216,46,0
216,46,0
216,46,0
216,47,0
216,48,0
216,49,0
217,36,0
217,36,0
217,37,0
217,37,0
217,43,0
217,44,0
217,38,0
217,39,0
217,39,0
217,39,0
217,39,0
217,40,0
217,41,0
217,42,0
217,46,0
217,46,0
217,46,0
217,46,0
217,46,0
217,47,0
217,48,0
217,49,0
218,36,0
218,36,0
218,37,0
218,37,0
218,43,0
218,44,0
218,38,0
218,39,0
218,39,0
218,39,0
218,39,0
218,40,0
218,41,0
218,42,0
218,46,0
218,46,0
218,46,0
218,46,0
218,46,0
218,47,0
218,48,0
218,49,0
219,38,1
219,39,1
219,39,1
219,39,1
219,39,1
219,40,1
219,41,1
219,41,1
219,50,1
219,42,1
219,42,1
219,46,1
219,46,1
219,36,0
219,36,0
219,37,0
219,37,0
219,43,0
219,44,0
219,38,0
219,39,0
219,39,0
219,39,0
219,39,0
219,40,0
219,41,0
219,42,0
219,46,0
219,46,0
219,46,0
219,46,0
219,46,0
219,47,0
219,48,0
219,49,0
220,38,1
220,39,1
220,39,1
220,39,1
220,39,1
220,40,1
220,41,1
220,41,1
220,50,1
220,42,1
220,42,1
220,46,1
220,46,1
221,36,1
221,37,1
221,43,1
221,44,1
221,45,1
221,45,1
221,39,1
221,39,1
221,40,1
221,41,1
221,43,1
221,44,1
221,45,1
221,45,1
221,38,1
221,39,1
221,39,1
221,39,1
221,39,1
221,40,1
221,41,1
221,42,1
221,49,1
222,43,1
222,44,1
222,45,1
222,45,1
222,38,1
222,39,1
222,39,1
222,39,1
222,39,1
222,40,1
222,41,1
222,42,1
222,49,1
223,67,4
224,39,4
224,39,4
224,40,4
224,41,4
225,45,2
225,45,2
225,49,2
225,42,2
226,38,4
226,39,4
226,39,4
227,38,4
227,39,4
227,39,4
228,38,4
228,39,4
228,39,4
229,38,4
229,39,4
229,39,4
230,67,0
231,67,0
232,60,1
233,60,1
233,60,5
233,67,3
233,67,3
233,67,1
233,67,1
234,60,1
234,60,5
234,67,3
234,67,1
235,60,1
235,67,3
236,60,1
236,67,3
236,60,1
236,67,3
236,67,1
237,60,1
237,67,3
237,67,1
238,60,1
239,60,1
240,60,1
241,60,1
242,60,1
242,60,1
242,60,5
243,60,1
243,60,5
244,60,1
244,60,5
244,60,5
244,67,3
244,67,1
244,67,5
244,60,1
244,60,5
245,60,5
245,67,1
245,67,5
245,60,1
245,60,5
246,60,1
246,60,5
247,60,1
247,60,5
248,60,1
248,60,5
249,60,1
249,60,5
250,60,0
250,60,3
250,60,1
250,60,1
250,60,5
250,60,5
250,60,2
250,67,3
250,67,1
250,67,2
251,60,0
251,60,3
251,60,1
251,60,5
251,60,2
251,67,3
251,67,1
251,67,2
252,60,0
252,60,3
252,60,1
252,60,5
252,60,2
252,67,3
252,67,1
252,67,2
253,60,0
253,60,3
253,60,1
253,60,5
253,60,2
253,67,3
253,67,1
253,67,2
254,60,0
254,60,3
254,60,1
254,60,5
254,60,2
254,67,3
254,67,1
254,67,2
255,60,0
255,60,3
255,60,1
255,60,5
255,60,2
255,67,0
255,67,3
255,67,1
255,67,5
255,67,2
256,60,0
256,60,3
256,60,1
256,60,5
256,60,2
256,67,0
256,67,3
256,67,1
256,67,2
257,60,0
257,60,3
257,60,1
257,60,5
257,60,2
257,67,0
257,67,3
257,67,1
257,67,2
258,60,0
258,60,0
258,60,3
258,60,3
258,60,1
258,60,1
258,60,5
258,60,5
258,60,4
258,60,2
258,60,2
258,67,0
258,67,0
258,67,3
258,67,3
258,67,1
258,67,1
258,67,2
258,67,2
259,60,3
259,60,1
259,60,2
259,67,3
259,67,1
259,60,0
259,60,3
259,60,1
259,60,5
259,60,4
259,60,2
259,67,0
259,67,3
259,67,1
259,67,2
260,60,0
260,60,3
260,60,1
260,60,5
260,60,4
260,60,2
260,67,0
260,67,3
260,67,1
260,67,5
260,67,4
260,67,2
260,60,0
260,60,3
260,60,1
260,60,5
260,60,2
260,67,3
260,67,1
261,60,0
261,60,3
261,60,1
261,60,5
261,60,2
261,67,3
261,67,1
262,60,0
262,60,3
262,60,1
262,60,5
262,60,2
262,67,3
262,67,1
263,60,0
263,60,3
263,60,1
263,60,5
263,60,2
263,67,3
263,67,1
264,60,0
264,60,3
264,60,1
264,60,5
264,60,2
264,67,3
264,67,1
265,60,0
265,60,3
265,60,1
265,60,5
265,60,2
265,67,3
266,60,0
266,60,3
266,60,1
266,60,5
266,60,2
266,67,3
267,60,0
267,60,3
267,60,1
267,60,5
267,60,2
267,67,3
268,60,3
269,60,1
270,60,3
271,60,3
272,60,3
273,60,0
273,60,3
273,60,5
274,60,3
274,60,3
274,60,1
274,67,3
275,60,3
275,60,1
276,60,3
276,60,1
276,60,3
276,60,1
276,60,2
276,67,1
277,60,3
277,60,1
277,60,2
277,67,1
278,60,3
278,60,1
278,60,2
278,67,1
279,60,3
279,60,1
279,60,2
279,67,1
280,60,3
280,60,1
280,60,2
280,67,1
281,60,3
281,60,1
281,60,2
281,67,1
282,60,3
282,60,1
282,60,2
282,67,1
283,60,3
283,60,3
283,60,1
283,60,1
283,60,2
283,60,2
283,67,3
283,67,1
283,67,1
284,60,3
284,60,1
284,60,2
284,67,3
284,67,1
285,60,3
285,60,1
285,60,2
285,67,3
285,67,1
286,60,0
286,60,0
286,60,3
286,60,3
286,60,1
286,60,1
286,60,5
286,60,2
286,67,3
286,67,1
286,67,1
286,60,0
286,60,3
286,60,1
286,60,5
286,60,2
286,67,3
286,67,1
286,67,2
287,60,0
287,60,3
287,60,1
287,60,5
287,60,2
287,67,3
287,67,1
287,67,2
288,60,0
288,60,3
288,60,1
288,60,5
288,60,2
288,67,3
288,67,1
288,67,2
289,60,3
289,60,1
289,60,1
289,60,5
289,67,1
290,60,1
291,60,1
292,60,1
292,60,1
293,60,1
294,60,1
295,60,1
296,60,1
297,60,1
298,60,1
299,60,1
300,60,1
301,60,3
301,60,3
301,60,1
301,67,3
302,60,3
303,60,3
304,60,3
305,68,1
305,68,1
306,68,1
306,68,1
307,68,1
307,68,1
308,68,1
308,68,1
309,68,1
309,68,1
310,60,1
311,60,0
312,68,1
312,68,1
313,69,1
313,69,1
314,45,5
314,45,5
314,70,1
314,70,5
314,71,1
314,71,5
314,69,1
314,69,1
314,72,1
314,72,5
314,72,1
314,72,5
314,68,0
314,68,3
314,68,1
314,68,5
314,68,2
314,68,0
314,68,3
314,68,1
314,68,5
314,68,2
314,56,1
314,56,1
315,45,5
315,45,5
315,70,1
315,70,5
315,71,1
315,71,5
315,69,1
315,69,1
315,72,1
315,72,5
315,72,1
315,72,5
315,68,0
315,68,3
315,68,1
315,68,5
315,68,2
315,68,0
315,68,3
315,68,1
315,68,5
315,68,2
315,56,1
315,56,1
316,70,1
316,71,1
316,72,1
316,72,5
316,72,1
316,68,0
316,68,3
316,68,1
316,68,5
316,68,2
316,68,0
316,68,3
316,68,1
316,68,5
316,68,2
316,45,5
316,45,5
316,70,1
316,70,5
316,71,1
316,71,5
316,69,1
316,69,1
316,72,1
316,72,5
316,72,1
316,72,5
316,68,0
316,68,3
316,68,1
316,68,5
316,68,2
316,68,0
316,68,3
316,68,1
316,68,5
316,68,2
316,56,1
316,56,1
317,70,1
317,71,1
317,72,1
317,72,5
317,72,1
317,68,0
317,68,3
317,68,1
317,68,5
317,68,2
317,68,0
317,68,3
317,68,1
317,68,5
317,68,2
318,42,1
318,70,3
318,71,3
318,69,1
318,69,1
318,72,3
318,72,1
318,72,1
318,68,0
318,68,3
318,68,1
318,68,2
318,68,0
318,68,3
318,68,1
318,68,2
319,42,1
319,70,3
319,71,3
319,69,1
319,69,1
319,72,3
319,72,1
319,72,1
319,68,0
319,68,3
319,68,1
319,68,2
319,68,0
319,68,3
319,68,1
319,68,2
320,42,1
320,70,3
320,71,3
320,69,1
320,69,1
320,72,3
320,72,1
320,72,1
320,68,0
320,68,3
320,68,1
320,68,2
320,68,0
320,68,3
320,68,1
320,68,2
321,73,1
321,70,3
321,70,3
321,70,1
321,70,1
321,71,3
321,71,3
321,71,1
321,71,1
321,69,3
321,69,1
321,69,3
321,69,1
321,72,3
321,72,3
321,72,1
321,72,2
321,68,3
321,68,1
321,68,1
321,68,3
321,68,1
321,68,1
321,56,3
321,56,1
321,56,3
321,56,1
321,42,1
321,70,3
321,71,3
321,69,1
321,69,1
321,72,3
321,72,1
321,72,1
321,68,0
321,68,3
321,68,1
321,68,2
321,68,0
321,68,3
321,68,1
321,68,2
322,70,3
322,70,3
322,71,3
322,71,3
322,72,1
322,68,3
322,68,1
322,68,3
322,68,1
323,70,3
323,71,3
323,69,1
323,69,1
323,68,3
323,68,1
323,68,3
323,68,1
323,56,1
323,56,1
324,73,0
324,70,3
324,70,3
324,70,1
324,70,1
324,71,3
324,71,3
324,71,1
324,71,1
324,69,3
324,69,1
324,69,3
324,69,1
324,72,3
324,68,3
324,68,1
324,68,3
324,68,1
324,56,3
324,56,1
324,56,2
324,56,3
324,56,1
324,56,2
325,67,2
326,46,4
326,46,4
327,46,4
327,46,4
328,49,4
329,49,4
330,38,4
330,39,4
330,39,4
331,67,1
331,67,1
332,39,4
332,39,4
332,40,4
332,41,4
332,42,4
332,49,4
332,60,1
332,67,3
332,67,1
332,67,4
333,39,4
333,39,4
333,40,4
333,41,4
333,42,4
333,60,1
333,67,3
333,67,1
333,67,2
334,39,4
334,39,4
334,40,4
334,41,4
334,42,4
334,60,1
334,67,3
334,67,1
334,67,2
335,38,4
335,39,4
335,39,4
335,49,4
336,38,4
336,39,4
336,39,4
336,49,4
337,38,4
337,39,4
337,39,4
337,49,4
338,42,4
339,39,4
339,39,4
339,40,4
339,41,4
339,42,4
339,38,4
339,39,4
339,39,4
339,39,4
339,39,4
339,40,4
339,41,4
339,42,4
340,38,4
340,39,4
340,39,4
340,41,4
340,50,4
340,42,4
340,38,4
340,39,4
340,39,4
341,38,4
341,39,4
341,39,4
342,38,4
342,39,4
342,39,4
343,60,5
344,60,5
345,74,2
345,74,2
346,75,0
346,75,0
346,75,3
346,75,4
346,75,2
346,75,2
346,75,0
346,75,0
346,75,3
346,75,4
346,75,2
346,75,2
346,75,0
346,75,0
346,75,3
346,75,4
346,75,2
346,75,2
347,75,3
347,75,3
347,75,3
348,76,0
348,76,0
349,77,0
349,77,3
349,77,5
349,77,2
350,77,0
350,77,3
350,77,3
350,77,5
350,77,5
350,77,2
350,77,0
350,77,3
350,77,5
350,77,2
351,77,3
351,77,5
352,77,3
353,77,3
354,77,3
355,77,3
355,77,3
356,77,0
356,77,3
356,77,3
356,77,5
356,77,5
356,77,5
356,77,5
357,77,5
358,77,5
359,77,5
359,77,5
359,77,5
360,77,5
361,77,0
361,77,0
362,77,0
363,78,4
363,78,4
364,79,2
364,78,3
364,78,3
364,78,4
364,78,4
364,78,2
364,78,2
364,78,3
364,78,3
364,78,4
364,78,4
364,78,2
364,78,2
364,78,3
364,78,3
364,78,4
364,78,4
364,78,2
364,78,2
365,79,2
365,78,3
365,78,4
365,78,2
365,78,3
365,78,4
365,78,2
365,78,3
365,78,4
365,78,2
366,78,2
367,78,3
367,78,4
367,78,2
367,78,2
368,80,3
369,80,3
370,80,3
371,81,3
371,81,3
372,81,3
372,81,5
372,81,3
372,81,5
373,81,3
373,81,4
373,81,3
373,81,4
374,81,3
374,81,5
374,81,4
374,81,3
374,81,5
374,81,4
375,81,3
375,81,5
375,81,3
375,81,5
376,81,3
376,81,5
376,81,3
376,81,5
376,81,3
376,81,5
376,81,3
376,81,5
377,81,0
377,81,0
377,81,0
377,81,3
377,81,3
377,81,3
377,81,3
377,81,3
377,81,1
377,81,1
377,81,1
377,81,5
377,81,5
377,81,5
377,81,5
377,81,5
377,81,4
377,81,4
377,81,4
377,81,4
377,81,4
377,81,2
377,81,2
377,81,2
377,81,0
377,81,0
377,81,0
377,81,3
377,81,3
377,81,3
377,81,3
377,81,3
377,81,1
377,81,1
377,81,1
377,81,5
377,81,5
377,81,5
377,81,5
377,81,5
377,81,4
377,81,4
377,81,4
377,81,4
377,81,4
377,81,2
377,81,2
377,81,2
378,81,3
378,81,5
378,81,3
378,81,5
379,81,3
379,81,5
379,81,3
379,81,5
380,81,3
380,81,5
380,81,3
380,81,5
381,81,3
381,81,5
381,81,3
381,81,5
381,81,3
381,81,1
381,81,5
381,81,3
381,81,1
381,81,5
382,81,3
382,81,3
383,81,3
383,81,3
384,81,3
384,81,3
385,81,4
385,81,4
386,81,4
386,81,4
387,81,4
387,81,4
388,81,4
388,81,4
389,81,4
389,81,4
390,81,4
390,81,4
391,81,5
391,81,5
391,81,5
391,81,5
392,81,5
392,81,5
393,81,5
393,81,5
394,81,5
394,81,5
394,81,5
394,81,5
395,81,5
395,81,5
396,81,3
396,81,5
396,81,5
396,81,3
396,81,5
396,81,5
396,81,3
396,81,3
396,81,5
396,81,5
396,81,4
396,81,4
396,81,2
396,81,2
396,81,3
396,81,3
396,81,5
396,81,5
396,81,4
396,81,4
396,81,2
396,81,2
396,81,3
396,81,1
396,81,5
396,81,4
396,81,2
396,81,3
396,81,1
396,81,5
396,81,4
396,81,2
397,81,3
397,81,3
397,81,5
397,81,5
397,81,4
397,81,2
397,81,3
397,81,3
397,81,5
397,81,5
397,81,4
397,81,2
398,81,3
398,81,5
398,81,3
398,81,5
399,81,3
399,81,5
399,81,5
399,81,3
399,81,5
399,81,5
400,81,5
400,81,5
400,81,5
400,81,5
400,81,5
400,81,5
401,81,5
401,81,5
401,81,5
401,81,5
401,81,5
401,81,5
402,81,5
402,81,5
402,81,5
402,81,5
403,81,5
403,81,5
404,81,5
404,81,5
405,81,5
405,81,5
406,81,5
406,81,5
407,81,5
407,81,5
407,81,5
407,81,5
407,81,5
407,81,5
408,81,5
408,81,5
408,81,5
408,81,5
408,81,3
408,81,5
408,81,3
408,81,5
409,81,5
409,81,5
409,81,5
409,81,4
409,81,5
409,81,5
409,81,5
409,81,4
410,81,5
410,81,5
411,81,5
411,81,5
412,81,5
412,81,5
412,81,5
412,81,5
413,81,5
413,81,5
414,81,5
414,81,5
415,82,3
415,82,3
415,82,3
415,82,3
415,83,3
415,83,3
416,82,3
416,82,3
416,83,3
416,82,3
416,82,3
416,83,3
417,82,3
417,82,3
417,83,3
418,84,3
418,84,3
418,85,3
418,85,1
418,85,4
418,85,0
418,85,3
418,85,1
418,85,4
418,85,2
418,85,3
418,85,1
418,85,4
418,85,0
418,85,3
418,85,1
418,85,4
418,85,2
418,86,3
418,86,3
418,87,1
419,84,3
419,84,3
419,85,3
419,85,1
419,85,4
419,85,0
419,85,3
419,85,1
419,85,4
419,85,2
419,85,3
419,85,1
419,85,4
419,85,0
419,85,3
419,85,1
419,85,4
419,85,2
419,86,3
419,86,3
419,87,1
420,84,3
420,84,4
420,84,3
420,84,4
420,85,0
420,85,3
420,85,1
420,85,4
420,85,3
420,85,1
420,85,4
420,85,2
420,85,0
420,85,3
420,85,1
420,85,4
420,85,3
420,85,1
420,85,4
420,85,2
420,84,3
420,84,3
420,85,3
420,85,1
420,85,4
420,85,0
420,85,3
420,85,1
420,85,4
420,85,2
420,85,3
420,85,1
420,85,4
420,85,0
420,85,3
420,85,1
420,85,4
420,85,2
420,86,3
420,86,3
420,87,1
421,84,3
421,84,3
421,84,4
421,84,3
421,84,3
421,84,4
421,85,0
421,85,3
421,85,3
421,85,3
421,85,3
421,85,1
421,85,1
421,85,4
421,85,4
421,85,4
421,85,4
421,85,2
421,85,0
421,85,3
421,85,3
421,85,3
421,85,3
421,85,1
421,85,1
421,85,4
421,85,4
421,85,4
421,85,4
421,85,2
421,85,2
421,85,2
421,85,0
421,85,3
421,85,3
421,85,3
421,85,3
421,85,1
421,85,1
421,85,4
421,85,4
421,85,4
421,85,4
421,85,2
421,85,0
421,85,3
421,85,3
421,85,3
421,85,3
421,85,1
421,85,1
421,85,4
421,85,4
421,85,4
421,85,4
421,85,2
421,85,2
421,85,2
422,85,3
422,85,3
422,85,4
422,85,4
422,85,3
422,85,3
422,85,1
422,85,4
422,85,2
422,85,3
422,85,3
422,85,4
422,85,4
422,85,3
422,85,3
422,85,1
422,85,4
422,85,2
423,85,3
423,85,4
423,85,3
423,85,3
423,85,4
423,85,3
424,85,3
424,85,3
424,85,3
424,85,3
425,85,3
425,85,4
425,85,3
425,85,3
425,85,4
425,85,3
426,85,3
426,85,3
427,85,3
427,85,3
428,88,3
428,88,3
428,88,3
428,88,3
429,88,3
429,88,3
430,89,2
430,89,2
431,89,2
431,89,2
432,89,3
432,89,2
432,89,3
432,89,2
432,90,3
432,91,3
432,90,3
433,89,3
433,89,3
433,89,2
433,89,2
433,89,3
433,89,3
433,89,2
433,89,2
434,89,3
434,89,3
434,89,3
434,89,3
434,89,3
434,89,2
434,89,2
434,89,2
434,89,3
434,89,3
434,89,3
434,89,3
434,89,3
434,89,2
434,89,2
434,89,2
435,89,3
435,89,2
435,89,3
435,89,2
436,89,3
436,89,2
436,89,3
436,89,2
437,89,3
437,89,2
437,89,3
437,89,2
438,89,2
438,89,2
438,90,3
438,91,3
438,90,3
439,89,2
439,89,2
440,89,3
440,89,3
441,89,3
441,89,3
442,89,3
442,89,3
443,89,3
443,89,3
443,89,3
443,89,3
444,89,3
444,89,4
444,89,3
444,89,4
444,90,3
444,91,3
444,90,3
445,89,3
445,89,3
445,89,3
445,89,3
446,89,3
446,89,3
446,89,3
446,89,3
447,89,3
447,89,3
447,89,3
447,89,3
448,89,3
448,89,3
448,89,3
448,89,3
449,89,3
449,89,3
449,89,3
449,89,3
450,89,3
450,89,3
450,89,3
450,89,3
451,89,4
451,89,4
452,89,4
452,89,4
453,92,2
453,92,2
454,93,0
454,94,0
455,93,0
455,94,0
456,93,0
456,94,0
457,93,0
457,94,0
458,93,0
458,94,0
459,93,0
459,94,0
460,93,0
460,94,0
461,93,0
461,94,0
462,93,0
462,94,0
463,93,0
463,94,0
464,93,0
464,94,0
465,93,0
465,94,0
466,93,0
466,94,0
467,93,0
467,93,0
467,94,0
467,94,0
468,93,0
468,94,0
469,93,0
469,94,0
470,93,0
470,94,0
471,93,0
471,94,0
472,93,0
472,94,0
473,93,0
473,93,0
473,94,0
473,94,0
474,93,0
474,94,0
475,93,0
475,94,0
476,93,0
476,94,0
477,93,0
477,94,0
478,93,0
478,94,0
479,93,0
479,94,0
480,93,0
480,94,0
481,93,0
481,94,0
482,93,0
482,94,0
483,93,0
483,94,0
484,93,0
484,94,0
485,93,0
485,94,0
486,93,0
486,94,0
487,93,0
487,94,0
488,93,0
488,94,0
489,93,0
489,94,0
490,93,0
490,94,0
491,93,0
491,94,0
492,93,0
492,94,0
493,93,0
493,94,0
494,93,0
494,94,0
495,93,0
495,94,0
496,93,0
496,94,0
497,93,0
497,94,0
498,93,0
498,94,0
499,93,0
499,94,0
500,93,0
500,94,0
501,93,0
501,94,0
502,93,0
502,94,0
503,93,0
503,94,0
504,93,0
504,94,0
505,93,0
505,94,0
506,93,0
506,94,0
506,93,0
506,94,0
507,93,0
507,94,0
508,93,0
508,94,0
509,95,1
509,95,5
509,95,2
509,95,1
509,95,5
509,95,2
509,96,5
509,96,5
509,97,5
509,98,5
509,98,5
510,95,1
510,95,5
510,95,2
510,95,1
510,95,5
510,95,2
510,96,5
510,96,5
510,97,5
510,98,5
510,98,5
511,95,1
511,95,5
511,95,2
511,95,1
511,95,5
511,95,2
511,96,5
511,96,5
511,97,5
511,98,5
511,98,5
512,95,1
512,95,5
512,95,2
512,95,1
512,95,5
512,95,2
512,96,5
512,96,5
512,97,5
512,98,5
512,98,5
513,95,1
513,95,5
513,95,2
513,95,1
513,95,5
513,95,2
513,96,5
513,96,5
513,97,5
513,98,5
513,98,5
514,95,1
514,95,5
514,95,2
514,95,1
514,95,5
514,95,2
514,96,5
514,96,5
514,97,5
514,98,5
514,98,5
515,95,1
515,95,5
515,95,2
515,95,1
515,95,5
515,95,2
515,96,5
515,96,5
515,97,5
515,98,5
515,98,5
516,95,1
516,95,5
516,95,2
516,95,1
516,95,5
516,95,2
516,96,5
516,96,5
516,97,5
516,98,5
516,98,5
517,95,1
517,95,5
517,95,2
517,95,1
517,95,5
517,95,2
517,96,5
517,96,5
517,97,5
517,98,5
517,98,5
518,95,1
518,95,5
518,95,2
518,95,1
518,95,5
518,95,2
518,96,5
518,96,5
518,97,5
518,98,5
518,98,5
519,99,1
519,99,5
519,99,5
519,99,2
519,99,2
519,100,1
519,100,5
519,100,5
519,100,2
519,100,2
519,93,0
519,94,0
520,99,5
520,99,2
520,100,5
520,100,2
521,99,5
521,100,5
522,99,5
522,100,5
523,99,5
523,100,5
524,99,5
524,100,5
525,99,5
525,100,5
526,99,5
526,100,5
527,93,0
527,94,0
527,99,5
527,100,5
528,93,0
528,94,0
529,93,0
529,94,0
530,93,0
530,94,0
531,93,0
531,93,0
531,94,0
531,94,0
531,101,3
531,93,0
531,93,1
531,94,0
531,94,1
531,93,0
531,94,0
531,102,3
531,102,2
531,102,3
531,102,2
531,103,3
531,103,2
531,103,3
531,103,2
532,93,0
532,93,1
532,94,0
532,94,1
532,93,0
532,94,0
532,94,1
532,104,0
532,104,0
533,93,0
533,94,0
533,94,1
533,104,0
533,104,0
534,101,2
534,102,2
534,102,2
534,103,2
534,103,2
534,93,0
534,94,0
534,94,1
534,104,0
534,104,0
535,101,2
535,102,2
535,102,2
535,103,2
535,103,2
536,101,2
536,102,2
536,102,2
536,103,2
536,103,2
537,105,0
537,106,0
537,107,0
537,107,0
537,108,0
537,95,0
537,95,0
537,109,0
537,109,0
537,110,0
537,110,0
537,111,0
537,111,1
537,112,0
537,113,0
537,113,0
537,114,0
537,115,0
537,116,0
537,117,0
537,118,0
537,118,0
537,119,0
537,120,0
537,121,0
537,122,0
537,123,0
537,123,0
537,123,0
537,124,0
537,125,0
537,126,0
537,127,0
537,101,2
537,102,0
537,102,2
537,102,0
537,102,2
537,103,0
537,103,2
537,103,0
537,103,2
538,105,0
538,106,0
538,107,0
538,107,0
538,108,0
538,95,0
538,95,0
538,109,0
538,109,0
538,110,0
538,110,0
538,111,0
538,111,1
538,112,0
538,113,0
538,113,0
538,114,0
538,115,0
538,116,0
538,117,0
538,118,0
538,118,0
538,119,0
538,120,0
538,121,0
538,122,0
538,123,0
538,123,0
538,123,0
538,124,0
538,125,0
538,126,0
538,127,0
538,102,0
538,102,0
538,103,0
538,103,0
539,122,0
540,122,0
541,122,0
542,93,0
542,94,0
543,93,0
543,94,0
544,93,0
544,94,0
544,93,0
544,94,0
545,93,0
545,94,0
546,93,0
546,94,0
547,93,0
547,94,0
548,93,0
548,94,0
549,93,0
549,94,0
550,93,0
550,94,0
551,93,0
551,94,0
552,93,0
552,94,0
553,93,0
553,94,0
554,93,0
554,93,0
554,94,0
554,94,0
554,93,0
554,94,0
555,93,0
555,94,0
555,93,0
555,94,0
556,93,0
556,94,0
557,93,0
557,94,0
558,93,0
558,94,0
559,93,0
559,94,0
560,93,0
560,94,0
561,93,0
561,94,0
562,93,0
562,94,0
562,93,0
562,94,0
563,93,0
563,94,0
564,93,0
564,94,0
565,93,0
565,94,0
566,93,0
566,94,0
567,93,0
567,94,0
568,93,0
568,94,0
569,93,0
569,94,0
570,93,0
570,94,0
571,93,0
571,94,0
571,93,0
571,94,0
572,93,0
572,94,0
573,93,0
573,94,0
574,93,0
574,94,0
575,93,0
575,94,0
575,93,0
575,94,0
576,93,0
576,94,0
577,93,0
577,94,0
577,93,0
577,94,0
578,93,0
578,94,0
579,93,0
579,94,0
580,93,0
580,94,0
581,93,0
581,94,0
582,93,0
582,94,0
583,93,0
583,94,0
584,93,0
584,94,0
585,93,0
585,94,0
586,93,0
586,94,0
587,93,0
587,94,0
588,93,0
588,94,0
589,93,0
589,94,0
590,93,0
590,94,0
590,93,0
590,94,0
591,93,0
591,94,0
591,93,0
591,94,0
592,93,0
592,94,0
592,94,0
592,93,0
592,94,0
593,93,0
593,94,0
594,93,0
594,94,0
595,93,0
595,93,0
595,94,0
595,94,0
596,93,0
596,94,0
597,93,0
597,94,0
598,93,0
598,94,0
599,93,0
599,94,0
600,93,0
600,94,0
601,93,0
601,94,0
602,93,0
602,94,0
602,93,0
602,94,0
602,102,0
602,102,0
602,103,0
602,103,0
603,93,0
603,94,0
603,102,0
603,102,0
603,103,0
603,103,0
604,93,0
604,94,0
604,102,0
604,102,0
604,103,0
604,103,0
605,93,0
605,94,0
605,102,0
605,102,0
605,103,0
605,103,0
606,102,0
606,102,0
606,103,0
606,103,0
606,93,0
606,94,0
606,102,0
606,102,0
606,103,0
606,103,0
607,102,0
607,102,0
607,103,0
607,103,0
608,102,0
608,102,0
608,103,0
608,103,0
609,102,0
609,102,2
609,102,0
609,102,2
609,103,0
609,103,2
609,103,0
609,103,2
610,93,0
610,94,0
611,93,0
611,94,0
612,102,1
612,102,1
612,103,1
612,103,1
613,102,1
613,102,1
613,103,1
613,103,1
614,102,1
614,102,1
614,103,1
614,103,1
615,102,1
615,102,1
615,103,1
615,103,1
616,102,1
616,102,1
616,103,1
616,103,1
617,102,1
617,102,5
617,102,1
617,102,5
617,103,1
617,103,5
617,103,1
617,103,5
617,101,1
617,101,5
617,101,2
617,102,0
617,102,1
617,102,1
617,102,5
617,102,2
617,102,0
617,102,1
617,102,1
617,102,5
617,102,2
617,103,0
617,103,1
617,103,1
617,103,5
617,103,2
617,103,0
617,103,1
617,103,1
617,103,5
617,103,2
618,101,1
618,101,5
618,101,2
618,102,0
618,102,1
618,102,5
618,102,2
618,102,0
618,102,1
618,102,5
618,102,2
618,103,0
618,103,1
618,103,5
618,103,2
618,103,0
618,103,1
618,103,5
618,103,2
619,101,1
619,101,5
619,101,2
619,102,0
619,102,1
619,102,5
619,102,2
619,102,0
619,102,1
619,102,5
619,102,2
619,103,0
619,103,1
619,103,5
619,103,2
619,103,0
619,103,1
619,103,5
619,103,2
620,101,1
620,101,5
620,101,2
620,102,0
620,102,1
620,102,5
620,102,2
620,102,0
620,102,1
620,102,5
620,102,2
620,103,0
620,103,1
620,103,5
620,103,2
620,103,0
620,103,1
620,103,5
620,103,2
621,101,1
621,101,5
621,101,2
621,102,0
621,102,1
621,102,5
621,102,2
621,102,0
621,102,1
621,102,5
621,102,2
621,103,0
621,103,1
621,103,5
621,103,2
621,103,0
621,103,1
621,103,5
621,103,2
622,101,1
622,101,2
622,102,0
622,102,1
622,102,2
622,102,0
622,102,1
622,102,2
622,103,0
622,103,1
622,103,2
622,103,0
622,103,1
622,103,2
622,101,1
622,101,5
622,101,2
622,102,0
622,102,1
622,102,5
622,102,2
622,102,0
622,102,1
622,102,5
622,102,2
622,103,0
622,103,1
622,103,5
622,103,2
622,103,0
622,103,1
622,103,5
622,103,2
623,101,1
623,101,2
623,102,0
623,102,1
623,102,2
623,102,0
623,102,1
623,102,2
623,103,0
623,103,1
623,103,2
623,103,0
623,103,1
623,103,2
623,102,0
623,102,1
623,102,0
623,102,1
623,103,0
623,103,1
623,103,0
623,103,1
624,102,0
624,102,1
624,102,0
624,102,1
624,103,0
624,103,1
624,103,0
624,103,1
625,102,0
625,102,1
625,102,0
625,102,1
625,103,0
625,103,1
625,103,0
625,103,1
626,102,0
626,102,1
626,102,0
626,102,1
626,103,0
626,103,1
626,103,0
626,103,1
627,102,0
627,102,1
627,102,0
627,102,1
627,103,0
627,103,1
627,103,0
627,103,1
628,102,0
628,102,1
628,102,0
628,102,1
628,103,0
628,103,1
628,103,0
628,103,1
629,102,0
629,102,1
629,102,0
629,102,1
629,103,0
629,103,1
629,103,0
629,103,1
630,102,0
630,102,1
630,102,0
630,102,1
630,103,0
630,103,1
630,103,0
630,103,1
631,102,0
631,102,1
631,102,0
631,102,1
631,103,0
631,103,1
631,103,0
631,103,1
632,102,0
632,102,1
632,102,0
632,102,1
632,103,0
632,103,1
632,103,0
632,103,1
633,102,0
633,102,1
633,102,0
633,102,1
633,103,0
633,103,1
633,103,0
633,103,1
634,102,0
634,102,1
634,102,0
634,102,1
634,103,0
634,103,1
634,103,0
634,103,1
635,102,0
635,102,1
635,102,0
635,102,1
635,103,0
635,103,1
635,103,0
635,103,1
636,109,3
636,110,3
636,93,2
636,128,1
636,128,5
636,128,2
636,128,1
636,128,5
636,128,2
636,102,0
636,102,1
636,102,0
636,102,1
636,103,0
636,103,1
636,103,0
636,103,1
637,109,3
637,110,3
637,93,2
637,128,1
637,128,5
637,128,2
637,128,1
637,128,5
637,128,2
638,109,3
638,110,3
638,93,2
638,128,1
638,128,5
638,128,2
638,128,1
638,128,5
638,128,2
639,109,3
639,110,3
639,93,2
639,128,1
639,128,5
639,128,2
639,128,1
639,128,5
639,128,2
640,109,3
640,110,3
640,93,2
640,128,1
640,128,5
640,128,2
640,128,1
640,128,5
640,128,2
641,109,3
641,110,3
641,110,3
641,110,2
641,93,0
641,93,2
641,93,2
641,94,0
641,125,0
641,126,0
641,126,0
641,129,1
641,128,0
641,128,1
641,128,1
641,128,5
641,128,5
641,128,2
641,128,2
641,128,0
641,128,1
641,128,1
641,128,5
641,128,5
641,128,2
641,128,2
641,130,0
641,130,1
641,131,0
641,131,1
642,110,3
642,110,2
642,93,0
642,93,2
642,94,0
642,125,0
642,126,0
642,126,0
642,129,1
642,128,0
642,128,1
642,128,5
642,128,2
642,128,0
642,128,1
642,128,5
642,128,2
642,130,0
642,130,1
642,131,0
642,131,1
643,110,3
643,110,2
643,93,0
643,93,2
643,94,0
643,125,0
643,126,0
643,126,0
643,129,1
643,128,0
643,128,1
643,128,5
643,128,2
643,128,0
643,128,1
643,128,5
643,128,2
643,130,0
643,130,1
643,131,0
643,131,1
644,110,3
644,110,2
644,93,0
644,93,2
644,94,0
644,125,0
644,126,0
644,126,0
644,129,1
644,128,0
644,128,1
644,128,5
644,128,2
644,128,0
644,128,1
644,128,5
644,128,2
644,130,0
644,130,1
644,131,0
644,131,1
645,110,3
645,110,2
645,93,0
645,93,2
645,94,0
645,125,0
645,126,0
645,126,0
645,129,1
645,128,0
645,128,1
645,128,5
645,128,2
645,128,0
645,128,1
645,128,5
645,128,2
645,130,0
645,130,1
645,131,0
645,131,1
646,110,3
646,110,2
646,93,0
646,93,2
646,94,0
646,125,0
646,126,0
646,126,0
646,129,1
646,128,0
646,128,1
646,128,5
646,128,2
646,128,0
646,128,1
646,128,5
646,128,2
646,130,0
646,130,1
646,131,0
646,131,1
646,132,1
647,132,1
648,132,1
649,132,1
650,132,1
651,132,1
652,126,0
652,104,0
652,133,0
652,133,0
652,134,0
652,132,0
652,132,1
652,135,0
652,135,0
652,135,0
652,135,0
652,136,0
652,137,0
652,138,0
652,138,0
652,138,0
652,138,0
652,139,0
652,140,0
652,141,0
652,132,1
653,126,0
653,104,0
653,133,0
653,133,0
653,134,0
653,132,0
653,132,1
653,135,0
653,135,0
653,135,0
653,135,0
653,136,0
653,137,0
653,138,0
653,138,0
653,138,0
653,138,0
653,139,0
653,140,0
653,141,0
654,126,0
654,104,0
654,133,0
654,133,0
654,134,0
654,132,0
654,132,1
654,132,1
654,135,0
654,135,0
654,135,0
654,135,0
654,136,0
654,137,0
654,138,0
654,138,0
654,138,0
654,138,0
654,139,0
654,140,0
654,141,0
655,132,1
656,132,1
657,132,1
658,132,1
659,93,0
659,94,0
660,142,2
660,142,2
661,142,2
661,142,2
662,142,2
662,142,2
663,142,2
663,142,2
664,142,5
664,142,5
665,142,5
665,142,5
666,143,2
666,143,2
666,143,2
666,144,5
667,144,5
668,145,3
669,145,3
670,145,3
671,146,3
671,146,3
671,147,3
672,145,5
673,145,5
674,146,3
674,146,1
674,146,2
674,146,3
674,146,1
674,146,2
674,145,3
674,145,1
674,146,3
674,146,1
674,146,2
674,146,3
674,146,1
674,146,2
674,145,3
675,148,1
676,148,1
677,148,3
677,145,3
677,149,3
677,148,3
677,145,3
678,148,3
678,145,3
679,145,3
679,145,3
679,148,3
679,145,3
679,149,3
680,148,3
680,145,3
680,149,3
681,148,3
681,145,3
681,149,3
682,148,3
682,145,3
683,148,3
683,145,3
684,148,3
684,148,3
684,148,1
684,148,1
684,148,2
684,148,2
684,148,3
684,148,3
684,148,2
684,148,2
684,145,3
684,145,3
684,149,3
685,150,3
685,148,3
685,148,1
685,148,4
685,148,2
685,148,3
685,148,1
685,148,4
685,148,2
685,151,3
685,145,3
686,148,3
686,148,1
686,148,4
686,148,3
686,148,1
686,145,3
686,145,4
687,148,3
687,148,1
687,148,4
687,148,3
687,148,1
687,145,3
687,145,4
688,148,0
688,148,3
688,148,1
688,148,5
688,148,4
688,148,2
688,148,0
688,148,3
688,148,1
688,148,2
688,145,3
688,149,3
688,149,4
688,149,4
688,150,2
688,148,0
688,148,3
688,148,1
688,148,5
688,148,4
688,148,2
688,148,0
688,148,3
688,148,1
688,148,5
688,148,4
688,148,2
688,145,3
688,149,4
688,149,4
689,148,3
689,148,1
689,148,2
689,148,3
689,148,1
689,148,2
689,145,3
689,149,5
690,148,3
690,148,1
690,148,2
690,148,3
690,148,1
690,148,2
690,145,3
690,149,5
691,148,0
691,148,1
691,148,2
691,148,0
691,148,2
691,147,3
691,147,4
691,147,3
691,147,4
691,147,3
691,147,4
691,147,3
691,147,4
691,147,3
691,147,4
691,145,3
691,145,2
692,148,0
692,148,1
692,148,2
692,148,0
692,148,2
692,147,3
692,147,4
692,147,3
692,147,4
692,147,3
692,147,4
692,147,3
692,147,4
692,147,3
692,147,4
692,145,3
692,145,2
693,148,2
693,148,2
693,147,3
693,147,3
693,147,3
693,147,3
693,147,3
693,148,0
693,148,1
693,148,2
693,148,0
693,148,2
693,147,3
693,147,4
693,147,3
693,147,4
693,147,3
693,147,4
693,147,3
693,147,4
693,147,3
693,147,4
693,145,3
693,145,2
694,148,2
694,148,2
694,147,3
694,147,3
694,147,3
694,147,3
694,147,3
695,148,2
695,148,2
695,148,2
695,148,2
695,147,3
695,147,3
695,147,3
695,147,3
695,147,3
695,147,3
695,147,3
695,147,3
695,147,3
695,147,3
695,149,2
696,148,2
696,148,2
696,147,3
696,147,3
696,147,3
696,147,3
696,147,3
696,149,2
697,147,3
697,147,3
697,147,3
697,147,3
697,147,3
697,149,3
698,147,3
698,147,3
698,147,3
698,147,3
698,147,3
698,149,3
699,147,3
699,147,3
699,147,3
699,147,3
699,147,3
699,149,3
700,147,3
700,147,3
700,147,3
700,147,3
700,147,3
700,149,3
701,147,3
701,147,3
701,147,3
701,147,3
701,147,3
701,149,3
702,147,3
702,147,3
702,147,3
702,147,3
702,147,3
702,149,3
703,147,3
703,147,3
703,147,3
703,149,3
703,149,3
703,149,3
704,149,3
704,149,3
704,147,3
705,147,3
706,149,5
706,147,3
707,149,5
708,148,2
709,148,2
709,147,3
709,149,3
710,147,3
710,147,3
710,149,3
711,147,3
712,147,3
712,148,2
712,148,2
712,147,3
712,147,3
712,147,3
712,147,3
713,148,2
713,148,2
713,147,3
713,147,3
713,147,3
713,147,3
714,148,2
714,148,2
714,147,3
714,147,3
714,147,3
714,147,3
715,148,1
715,148,5
715,148,2
715,148,1
715,148,2
715,146,1
715,146,1
716,148,1
716,148,5
716,148,2
716,148,1
716,148,2
716,146,1
716,146,1
717,148,1
717,148,5
717,148,2
717,148,1
717,148,2
717,146,1
717,146,1
718,148,1
718,148,5
718,148,2
718,148,1
718,148,2
718,146,1
718,146,1
719,148,1
719,148,5
719,148,2
719,148,1
719,148,2
719,146,1
719,146,1
720,148,1
720,148,5
720,148,2
720,148,1
720,148,2
720,146,1
720,146,1
721,148,1
721,148,5
721,148,2
721,148,1
721,148,2
721,146,1
721,146,1
722,148,1
722,148,5
722,148,2
722,148,1
722,148,2
722,146,1
722,146,1
723,148,1
723,148,5
723,148,2
723,148,1
723,148,2
723,146,1
723,146,1
724,148,1
724,148,5
724,148,2
724,148,1
724,148,2
724,146,1
724,146,1
725,148,1
725,148,5
725,148,2
725,148,1
725,148,2
725,146,1
725,146,1
726,148,1
726,148,5
726,148,2
726,148,1
726,148,2
726,146,1
726,146,1
727,148,1
727,148,5
727,148,2
727,148,1
727,148,2
727,146,1
727,146,1
728,148,1
728,148,5
728,148,2
728,148,1
728,148,2
728,146,1
728,146,1
729,148,1
729,148,5
729,148,2
729,148,1
729,148,2
729,146,1
729,146,1
730,148,1
730,148,5
730,148,2
730,148,1
730,148,2
730,146,1
730,146,1
731,148,1
731,148,5
731,148,2
731,148,1
731,148,2
731,146,1
731,146,1
732,148,1
732,148,5
732,148,2
732,148,1
732,148,2
732,146,1
732,146,1
733,148,1
733,148,5
733,148,2
733,148,1
733,148,2
733,146,1
733,146,1
734,148,1
734,148,5
734,148,2
734,148,1
734,148,2
734,146,1
734,146,1
735,148,1
735,148,5
735,148,2
735,148,1
735,148,2
735,146,1
735,146,1
736,148,1
736,148,5
736,148,2
736,148,1
736,148,2
736,146,1
736,146,1
737,148,1
737,148,1
737,148,5
737,148,2
737,148,2
737,148,1
737,148,1
737,148,2
737,148,2
737,146,3
737,146,1
737,146,1
737,146,3
737,146,1
737,146,1
737,145,2
738,148,1
738,148,2
738,148,1
738,148,2
738,146,3
738,146,1
738,146,3
738,146,1
738,145,2
739,148,1
739,148,1
739,148,2
740,148,3
740,148,3
740,148,1
740,148,1
740,148,2
740,148,2
740,148,1
740,148,1
740,148,2
740,148,2
740,145,3
740,149,3
740,149,3
741,148,3
741,148,1
741,148,2
741,148,1
741,148,2
741,149,3
741,149,3
742,148,2
743,148,3
743,148,3
743,149,3
744,148,3
744,148,1
744,146,3
744,146,3
744,145,3
744,149,3
744,149,3
744,149,1
745,148,3
745,148,1
745,148,3
745,146,3
745,146,3
745,145,3
745,145,3
745,149,3
745,149,2
746,148,3
746,148,1
746,148,3
746,146,3
746,146,3
746,145,3
746,145,3
746,149,3
746,149,2
747,148,3
747,148,1
747,148,2
747,148,3
747,148,2
747,146,3
747,146,3
747,145,3
747,145,3
747,145,2
747,145,2
747,149,3
747,149,3
747,149,2
747,149,2
747,148,3
747,148,1
747,148,3
747,146,3
747,146,3
747,145,3
747,145,3
747,149,3
747,149,2
748,148,3
748,148,1
748,148,2
748,148,3
748,148,2
748,146,3
748,146,3
748,145,3
748,145,3
748,145,2
748,145,2
748,149,3
748,149,3
748,149,2
748,149,2
749,148,3
749,148,1
749,148,2
749,148,3
749,148,2
749,146,3
749,146,3
749,145,3
749,145,3
749,145,2
749,145,2
749,149,3
749,149,3
749,149,2
749,149,2
749,148,3
749,148,2
749,148,3
749,148,2
749,145,2
749,145,3
749,145,3
749,145,2
749,145,2
749,149,0
749,149,3
749,149,3
749,149,4
749,149,2
749,149,2
750,148,3
750,148,2
750,148,3
750,148,2
750,145,2
750,145,3
750,145,3
750,145,2
750,145,2
750,149,0
750,149,3
750,149,3
750,149,4
750,149,2
750,149,2
751,145,3
751,145,3
751,145,3
751,145,3
751,149,3
751,149,3
751,149,3
751,149,3
751,149,3
751,149,3
751,149,3
751,149,4
751,149,4
751,152,3
752,149,3
753,145,3
753,149,3
753,149,5
754,149,3
755,149,3
756,149,3
757,149,3
757,149,3
758,149,3
758,149,3
758,149,2
759,145,3
759,145,3
759,149,3
759,149,3
759,149,3
759,149,3
759,149,1
759,149,5
759,149,5
759,149,5
759,149,5
759,149,4
759,149,2
759,149,2
759,149,2
759,149,2
759,153,3
759,153,3
759,149,3
759,149,3
759,149,2
760,145,3
760,149,3
760,149,3
760,149,1
760,149,5
760,149,5
760,149,2
760,149,2
760,153,3
760,153,3
760,149,3
760,149,3
760,149,1
760,149,4
760,149,4
761,149,3
761,149,3
761,149,1
761,149,4
761,149,4
762,149,3
762,149,3
762,149,1
762,149,4
762,149,4
763,145,3
763,145,3
763,145,3
764,145,3
764,145,2
764,145,3
764,145,3
764,145,3
764,149,3
764,149,3
764,149,4
765,151,3
765,145,3
765,145,3
765,145,5
765,145,4
765,145,2
765,145,2
765,145,3
765,145,3
765,145,2
765,145,3
765,145,3
765,145,3
765,145,3
765,145,5
765,145,5
765,145,2
765,149,3
765,149,3
765,149,3
765,149,3
765,149,5
765,149,5
765,149,2
766,149,0
766,149,3
766,149,1
766,149,4
766,149,4
767,154,1
767,154,1
767,149,3
768,154,0
768,154,3
768,154,1
768,154,5
768,154,4
768,154,0
768,154,3
768,154,1
768,154,5
768,154,4
768,149,3
768,149,3
768,149,5
768,149,4
768,152,5
768,152,3
769,154,0
769,154,3
769,154,1
769,154,5
769,154,4
769,154,2
769,154,0
769,154,3
769,154,1
769,154,5
769,154,4
769,154,2
769,149,0
769,149,0
769,149,3
769,149,3
769,149,1
769,149,1
769,149,5
769,149,5
769,149,2
770,154,0
770,154,3
770,154,1
770,154,5
770,154,4
770,154,2
770,154,0
770,154,3
770,154,1
770,154,5
770,154,4
770,154,2
770,149,0
770,149,0
770,149,3
770,149,3
770,149,1
770,149,1
770,149,5
770,149,5
770,149,2
771,145,2
771,145,2
772,145,2
772,145,2
773,145,1
774,145,3
775,145,5
776,146,5
776,146,5
776,145,2
776,145,3
776,145,4
776,145,3
776,145,3
776,145,5
776,145,5
776,145,2
776,145,2
777,146,5
777,146,5
777,147,3
777,147,5
777,145,3
777,145,2
777,145,3
777,145,3
777,145,4
777,145,3
777,145,3
777,145,3
777,145,3
777,145,1
777,145,5
777,145,5
777,145,5
777,145,5
777,145,4
777,145,2
777,145,2
777,145,2
777,145,2
778,145,3
778,145,3
779,145,3
779,145,3
780,145,3
781,145,3
782,145,3
783,145,3
784,145,3
785,145,3
786,145,3
787,145,3
787,145,3
788,145,3
788,145,3
789,145,3
789,145,3
790,145,3
790,145,3
791,145,3
791,145,3
791,145,3
791,145,3
792,145,3
792,145,3
792,145,3
792,145,3
792,145,3
793,145,3
793,145,3
794,145,3
794,145,3
795,145,3
795,145,2
796,145,2
797,145,2
798,145,3
798,145,2
799,155,0
799,155,0
800,155,0
800,155,0
801,155,0
801,155,0
802,155,0
802,155,0
803,155,0
803,155,0
804,155,0
804,155,0
804,155,0
804,155,0
805,155,0
805,155,0
806,155,0
806,155,0
807,155,0
807,155,0
808,155,0
808,155,0
809,155,0
809,155,0
810,155,0
810,155,0
811,155,0
811,155,0
812,155,0
812,155,0
813,155,0
813,155,0
814,155,0
814,155,0
815,155,0
815,155,0
816,155,0
816,155,0
817,155,0
817,155,0
818,155,0
818,155,0
819,155,0
819,155,0
819,155,0
819,155,0
820,155,0
820,155,0
820,155,0
820,155,0
821,155,0
821,155,0
822,155,0
822,155,3
822,155,2
822,155,0
822,155,3
822,155,2
822,155,0
822,155,2
822,155,0
822,155,2
823,155,0
823,155,0
824,155,0
824,155,0
824,155,3
824,155,3
824,155,1
824,155,1
824,155,5
824,155,5
824,155,2
824,155,2
824,155,0
824,155,0
824,155,3
824,155,3
824,155,1
824,155,1
824,155,5
824,155,5
824,155,2
824,155,2
825,155,0
825,155,0
825,155,0
825,155,3
825,155,5
825,155,4
825,155,2
825,155,2
825,155,0
825,155,0
825,155,0
825,155,3
825,155,5
825,155,4
825,155,2
825,155,2
826,155,0
826,155,0
826,155,0
826,155,3
826,155,2
826,155,0
826,155,0
826,155,0
826,155,3
826,155,2
827,155,0
827,155,0
828,155,0
828,155,0
829,155,0
829,155,0
830,155,0
830,155,3
830,155,2
830,155,0
830,155,3
830,155,2
831,155,0
831,155,0
831,155,3
831,155,3
831,155,1
831,155,4
831,155,2
831,155,2
831,155,0
831,155,0
831,155,3
831,155,3
831,155,1
831,155,4
831,155,2
831,155,2
832,155,0
832,155,0
833,155,0
833,155,0
834,155,0
834,155,0
835,155,0
835,155,0
836,155,0
836,155,3
836,155,0
836,155,3
836,155,0
836,155,0
837,155,0
837,155,0
838,155,0
838,155,0
838,155,3
838,155,3
838,155,4
838,155,4
838,155,2
838,155,2
838,155,0
838,155,0
838,155,3
838,155,3
838,155,4
838,155,4
838,155,2
838,155,2
839,155,0
839,155,0
839,155,3
839,155,3
839,155,4
839,155,4
839,155,2
839,155,2
839,155,0
839,155,0
839,155,3
839,155,3
839,155,4
839,155,4
839,155,2
839,155,2
840,155,0
840,155,3
840,155,0
840,155,3
841,155,0
841,155,3
841,155,0
841,155,3
842,155,0
842,155,0
843,155,0
843,155,0
844,155,0
844,155,0
845,155,0
845,155,0
846,155,0
846,155,0
847,155,0
847,155,3
847,155,0
847,155,3
848,156,5
848,156,5
848,157,3
849,156,5
849,156,5
849,157,3
850,156,5
850,156,5
850,157,0
850,157,3
850,157,3
850,155,5
850,155,5
851,157,0
851,157,3
851,155,5
851,155,5
851,158,0
851,158,0
851,159,0
851,156,0
851,156,0
851,156,3
851,156,3
851,156,1
851,156,1
851,156,5
851,156,5
851,156,2
851,156,2
851,156,0
851,156,0
851,156,3
851,156,3
851,156,1
851,156,1
851,156,5
851,156,5
851,156,2
851,156,2
851,160,0
851,161,0
851,161,3
851,161,0
851,157,0
851,157,3
851,162,0
851,162,0
851,163,0
851,164,0
851,164,2
851,164,2
851,165,0
851,156,5
851,156,2
851,156,2
851,156,5
851,156,2
851,156,2
851,157,0
851,157,3
852,158,0
852,158,0
852,159,0
852,156,0
852,156,0
852,156,3
852,156,3
852,156,1
852,156,1
852,156,5
852,156,5
852,156,2
852,156,2
852,156,0
852,156,0
852,156,3
852,156,3
852,156,1
852,156,1
852,156,5
852,156,5
852,156,2
852,156,2
852,160,0
852,161,0
852,161,3
852,161,0
852,157,0
852,157,3
852,162,0
852,162,0
852,163,0
852,164,0
852,164,2
852,164,2
852,165,0
853,158,0
853,158,0
853,159,0
853,156,0
853,156,0
853,156,3
853,156,3
853,156,1
853,156,1
853,156,5
853,156,5
853,156,2
853,156,2
853,156,0
853,156,0
853,156,3
853,156,3
853,156,1
853,156,1
853,156,5
853,156,5
853,156,2
853,156,2
853,160,0
853,161,0
853,161,3
853,161,0
853,157,0
853,157,3
853,162,0
853,162,0
853,163,0
853,164,0
853,164,2
853,164,2
853,165,0
854,158,0
854,158,0
854,159,0
854,156,0
854,156,0
854,156,3
854,156,3
854,156,1
854,156,1
854,156,5
854,156,5
854,156,2
854,156,2
854,156,0
854,156,0
854,156,3
854,156,3
854,156,1
854,156,1
854,156,5
854,156,5
854,156,2
854,156,2
854,160,0
854,161,0
854,161,3
854,161,0
854,157,0
854,157,3
854,162,0
854,162,0
854,163,0
854,164,0
854,164,2
854,164,2
854,165,0
855,155,0
855,155,0
856,155,0
856,155,0
857,155,0
857,155,0
858,155,0
858,155,0
859,155,0
859,155,0
860,155,0
860,155,0
860,155,0
860,155,0
861,155,0
861,155,0
862,155,0
862,155,0
862,155,0
862,155,0
862,155,0
862,155,0
862,155,0
862,155,0
862,155,0
862,155,0
862,155,0
862,155,0
862,155,0
862,155,0
862,155,0
862,155,0
862,155,0
862,155,0
863,155,0
863,155,0
864,155,0
864,155,0
865,155,0
865,155,0
865,155,0
865,155,0
866,155,0
866,155,0
867,155,0
867,155,0
868,155,0
868,155,0
868,155,0
868,155,0
869,155,0
869,155,0
869,155,0
869,155,0
870,155,0
870,155,0
871,155,0
871,155,0
872,155,0
872,155,0
872,155,0
872,155,0
873,155,0
873,155,0
874,155,0
874,155,0
875,155,0
875,155,0
875,155,0
875,155,0
876,155,0
876,155,0
876,155,0
876,155,0
877,155,0
877,155,0
878,155,0
878,155,0
879,155,0
879,155,0
880,155,0
880,155,0
881,155,0
881,155,0
882,155,0
882,155,2
882,155,2
882,155,0
882,155,2
882,155,2
883,155,0
883,155,0
884,155,0
884,155,0
885,155,0
885,155,0
886,155,0
886,155,0
887,155,0
887,155,0
888,155,0
888,155,0
889,155,0
889,155,0
890,155,0
890,155,0
891,155,0
891,155,0
892,155,0
892,155,0
893,155,0
893,155,0
894,155,0
894,155,0
895,155,0
895,155,0
895,155,0
895,155,0
896,155,0
896,155,0
897,155,0
897,155,0
898,166,2
898,167,2
898,167,2
898,168,0
898,168,0
898,168,2
898,168,0
898,168,0
898,168,2
898,168,1
898,168,2
898,168,0
898,168,0
898,168,5
898,168,1
898,168,2
898,168,0
898,168,0
898,168,5
898,169,0
898,169,0
898,169,3
898,169,1
898,169,5
898,169,2
898,169,0
898,169,0
898,169,3
898,169,1
898,169,5
898,169,2
898,169,0
898,169,0
898,169,3
898,169,1
898,169,5
898,169,2
898,169,0
898,169,0
898,169,3
898,169,1
898,169,5
898,169,2
898,170,0
898,170,0
898,170,5
898,170,2
898,166,0
898,166,2
898,167,0
898,167,2
898,167,0
898,167,2
898,168,0
898,168,2
898,168,0
898,168,2
898,168,5
898,168,2
898,168,0
898,168,5
898,168,5
898,168,2
898,168,0
898,168,5
898,168,5
898,168,2
898,169,0
898,169,3
898,169,1
898,169,5
898,169,2
898,169,0
898,169,3
898,169,1
898,169,5
898,169,2
898,169,0
898,169,3
898,169,1
898,169,5
898,169,2
898,169,0
898,169,3
898,169,1
898,169,5
898,169,2
898,170,0
898,170,5
898,170,2
898,170,0
898,170,5
898,171,0
898,172,0
899,166,3
899,166,2
899,167,3
899,167,2
899,167,3
899,167,2
899,168,1
899,168,2
899,168,1
899,168,2
899,168,5
899,168,3
899,168,5
899,168,5
899,168,3
899,168,5
899,168,5
899,169,0
899,169,3
899,169,1
899,169,5
899,169,2
899,169,0
899,169,3
899,169,1
899,169,5
899,169,2
899,169,0
899,169,3
899,169,1
899,169,5
899,169,2
899,169,0
899,169,3
899,169,1
899,169,5
899,169,2
899,170,5
899,170,2
900,168,5
900,168,5
900,169,0
900,169,3
900,169,5
900,169,2
900,169,0
900,169,3
900,169,1
900,169,5
900,169,2
900,169,0
900,169,3
900,169,5
900,169,2
900,169,0
900,169,3
900,169,1
900,169,5
900,169,2
901,169,0
901,169,0
901,169,0
901,169,0
902,169,0
902,169,0
902,169,0
902,169,0
903,168,5
903,168,5
903,169,5
903,169,2
903,169,5
903,169,2
904,168,5
904,168,5
904,169,5
904,169,2
904,169,5
904,169,2
905,168,5
905,168,5
905,169,5
905,169,5
905,169,2
905,169,5
905,169,5
905,169,2
906,173,0
906,174,0
906,168,0
906,168,3
906,168,1
906,168,2
906,168,2
906,168,0
906,168,3
906,168,1
906,168,2
906,168,2
906,168,2
906,169,2
906,169,0
906,169,2
906,169,2
906,169,0
906,169,2
907,173,0
907,168,0
907,168,3
907,168,1
907,168,2
907,168,2
907,168,0
907,168,3
907,168,1
907,168,2
907,168,2
907,168,2
907,169,2
907,169,2
907,169,2
907,169,2
908,173,0
908,168,0
908,168,3
908,168,1
908,168,2
908,168,2
908,168,0
908,168,3
908,168,1
908,168,2
908,168,2
908,168,2
908,169,2
908,169,2
908,169,2
908,169,2
908,173,0
908,174,5
908,174,5
908,174,5
908,168,0
908,168,3
908,168,1
908,168,2
908,168,2
908,168,2
908,168,2
908,168,0
908,168,3
908,168,1
908,168,2
908,168,2
908,168,2
908,168,2
908,168,5
908,168,5
908,168,5
908,168,2
908,168,2
908,168,2
908,168,1
908,168,5
908,168,5
908,168,5
908,168,5
908,168,5
908,168,5
908,168,5
908,168,5
908,168,2
908,168,2
908,168,2
908,168,1
908,168,5
908,168,5
908,168,5
908,168,5
908,168,5
908,168,5
908,168,5
908,168,5
908,169,5
908,169,5
908,169,5
908,169,5
908,169,5
908,169,5
908,169,5
908,169,5
908,169,5
908,169,5
908,169,5
908,169,5
908,168,2
908,168,2
908,168,5
908,168,5
908,168,5
908,168,2
908,168,2
908,168,5
908,168,2
908,168,2
908,169,5
908,169,2
908,169,5
908,169,2
909,168,2
909,168,2
909,168,5
909,168,5
910,168,2
910,168,2
910,168,5
910,168,5
911,168,2
911,168,2
911,168,5
911,168,5
912,168,2
912,168,2
912,168,5
912,168,5
913,168,2
913,168,2
913,168,5
913,168,5
914,168,2
914,168,2
914,168,5
914,168,5
915,173,0
915,168,2
915,168,2
915,168,2
915,168,2
915,173,0
915,168,2
915,168,2
915,168,2
915,168,5
915,168,5
915,168,2
915,168,2
915,168,2
915,168,5
915,168,5
915,168,2
915,168,2
915,173,0
915,168,2
915,168,2
915,168,2
915,168,5
915,168,2
915,168,2
915,168,2
915,168,5
915,168,2
915,168,2
916,173,0
916,173,0
916,168,2
916,168,2
916,168,2
916,168,2
916,168,5
916,168,2
916,168,2
916,168,5
916,168,5
916,168,5
916,168,5
916,168,2
916,168,2
916,168,2
916,168,2
916,168,5
916,168,2
916,168,2
916,168,5
916,168,5
916,168,5
916,168,5
916,168,2
916,168,2
916,168,2
916,168,2
917,173,0
918,173,0
918,174,5
918,174,2
918,168,2
918,168,2
918,168,5
918,168,2
918,168,5
918,168,5
918,168,2
918,168,5
918,170,0
918,170,5
918,170,2
918,170,5
918,175,2
919,173,0
919,174,5
919,174,2
919,168,2
919,168,2
919,168,5
919,168,2
919,168,5
919,168,5
919,168,2
919,168,5
919,170,0
919,170,5
919,170,2
919,170,5
919,175,2
920,173,0
920,174,5
920,174,2
920,168,2
920,168,2
920,168,5
920,168,2
920,168,5
920,168,5
920,168,2
920,168,5
920,170,0
920,170,5
920,170,2
920,170,5
920,175,2
921,173,0
921,168,2
921,168,2
921,168,5
921,168,5
921,170,0
921,170,5
921,170,2
921,170,2
921,175,2
921,171,0
921,172,0
921,173,0
921,174,5
921,174,5
921,174,2
921,168,2
921,168,2
921,168,5
921,168,2
921,168,5
921,168,5
921,168,2
921,168,5
921,169,2
921,169,2
921,170,0
921,170,5
921,170,2
921,170,2
921,170,5
921,175,2
922,174,5
922,169,2
922,169,2
922,170,2
923,174,5
923,169,2
923,169,2
923,170,2
924,169,2
924,169,2
924,169,5
924,169,2
924,169,2
924,169,2
924,169,2
924,169,5
924,169,2
924,169,2
925,169,2
925,169,5
925,169,2
925,169,2
925,169,5
925,169,2
926,174,5
926,169,5
926,169,2
926,169,5
926,169,5
926,169,2
926,169,5
926,169,2
926,169,5
926,169,5
926,169,2
926,170,5
927,174,5
927,169,5
927,169,5
927,169,5
927,169,5
927,170,5
927,169,2
927,169,2
927,169,2
927,169,2
928,169,2
928,169,2
928,169,2
928,169,2
929,169,2
929,169,2
929,169,2
929,169,2
930,169,2
930,169,2
930,169,2
930,169,2
930,170,2
930,169,2
930,169,2
930,169,2
930,169,2
931,173,0
931,174,5
931,168,5
931,168,5
931,169,0
931,169,5
931,169,2
931,169,2
931,169,2
931,169,0
931,169,5
931,169,5
931,169,2
931,169,2
931,169,2
931,169,0
931,169,5
931,169,2
931,169,2
931,169,2
931,169,0
931,169,5
931,169,5
931,169,2
931,169,2
931,169,2
931,170,2
932,173,0
932,169,0
932,169,5
932,169,2
932,169,0
932,169,5
932,169,2
932,169,0
932,169,5
932,169,2
932,169,0
932,169,5
932,169,2
933,173,0
933,169,0
933,169,5
933,169,2
933,169,0
933,169,5
933,169,2
933,169,0
933,169,5
933,169,2
933,169,0
933,169,5
933,169,2
934,173,0
934,169,0
934,169,5
934,169,2
934,169,0
934,169,5
934,169,2
934,169,0
934,169,5
934,169,2
934,169,0
934,169,5
934,169,2
935,173,0
935,169,0
935,169,5
935,169,2
935,169,0
935,169,5
935,169,2
935,169,0
935,169,5
935,169,2
935,169,0
935,169,5
935,169,2
936,173,0
936,169,0
936,169,5
936,169,2
936,169,0
936,169,5
936,169,2
936,169,0
936,169,5
936,169,2
936,169,0
936,169,5
936,169,2
937,173,0
937,169,0
937,169,5
937,169,2
937,169,0
937,169,5
937,169,2
937,169,0
937,169,5
937,169,2
937,169,0
937,169,5
937,169,2
938,173,0
938,169,0
938,169,5
938,169,2
938,169,0
938,169,5
938,169,2
938,169,0
938,169,5
938,169,2
938,169,0
938,169,5
938,169,2
939,169,5
939,169,5
939,170,5
939,170,5
939,175,2
940,170,2
941,169,2
941,169,2
941,169,2
941,169,2
941,170,2
942,169,2
942,169,2
942,169,2
942,169,2
942,170,2
943,169,5
943,169,2
943,169,5
943,169,2
943,169,5
943,169,2
943,169,5
943,169,2
943,170,5
943,170,2
943,170,5
943,170,5
943,170,2
943,170,5
943,170,5
943,170,5
943,170,2
943,170,2
943,170,2
943,175,5
944,171,2
944,171,2
944,172,2
944,172,2
945,171,2
945,171,2
945,172,2
945,172,2
946,169,0
946,169,0
947,169,0
947,169,0
948,176,0
948,176,3
948,176,4
948,176,0
948,176,3
948,176,4
948,176,0
948,176,3
948,176,4
948,176,0
948,176,3
948,176,4
949,176,0
949,176,3
949,176,4
949,176,0
949,176,3
949,176,4
949,176,0
949,176,3
949,176,4
949,176,0
949,176,3
949,176,4
950,176,0
950,176,0
951,176,0
951,176,0
952,176,0
952,176,0
952,176,3
952,176,3
952,176,4
952,176,0
952,176,3
952,176,3
952,176,4
952,176,0
952,176,0
952,176,3
952,176,3
952,176,4
952,176,0
952,176,3
952,176,3
952,176,4
953,176,0
953,176,3
953,176,4
953,176,0
953,176,3
953,176,4
953,176,0
953,176,3
953,176,4
953,176,0
953,176,3
953,176,4
954,176,0
954,176,3
954,176,4
954,176,0
954,176,3
954,176,4
954,176,0
954,176,3
954,176,4
954,176,0
954,176,3
954,176,4
955,176,0
955,176,3
955,176,4
955,176,0
955,176,3
955,176,4
955,176,0
955,176,3
955,176,4
955,176,0
955,176,3
955,176,4
956,176,0
956,176,3
956,176,4
956,176,0
956,176,3
956,176,4
956,176,0
956,176,3
956,176,4
956,176,0
956,176,3
956,176,4
957,176,0
957,176,0
958,176,0
958,176,0
959,176,0
959,176,0
960,176,0
960,176,0
960,176,4
960,176,0
960,176,0
960,176,4
960,176,0
960,176,3
960,176,3
960,176,0
960,176,3
960,176,3
961,176,0
961,176,3
961,176,3
961,176,0
961,176,3
961,176,3
962,176,3
962,176,3
963,176,3
963,176,3
964,176,3
964,176,3
965,176,3
965,176,3
966,176,0
966,176,0
966,176,3
966,176,3
966,176,1
966,176,5
966,176,4
966,176,4
966,176,2
966,176,2
966,176,0
966,176,0
966,176,3
966,176,3
966,176,1
966,176,5
966,176,4
966,176,4
966,176,2
966,176,2
966,176,0
966,176,0
966,176,3
966,176,3
966,176,1
966,176,5
966,176,4
966,176,4
966,176,2
966,176,2
966,176,0
966,176,0
966,176,3
966,176,3
966,176,1
966,176,5
966,176,4
966,176,4
966,176,2
966,176,2
966,177,3
966,176,0
966,176,3
966,176,1
966,176,5
966,176,4
966,176,2
966,176,0
966,176,3
966,176,1
966,176,5
966,176,4
966,176,2
966,176,0
966,176,3
966,176,1
966,176,5
966,176,4
966,176,2
966,176,0
966,176,3
966,176,1
966,176,5
966,176,4
966,176,2
967,178,2
968,178,2
969,178,2
969,179,2
970,178,2
971,178,2
972,178,2
973,178,2
974,178,1
974,180,2
974,180,2
975,178,2
975,180,2
975,180,2
975,180,2
976,178,2
976,180,2
976,180,2
976,180,2
976,178,1
976,178,1
976,179,1
976,180,2
976,180,2
976,180,2
976,180,2
976,178,2
976,180,2
976,180,2
976,180,2
977,178,1
977,181,1
977,181,1
977,179,3
977,179,1
977,180,3
977,180,4
977,180,2
977,180,4
977,180,2
977,180,3
977,180,4
977,180,2
977,178,1
977,180,2
977,180,2
978,178,2
979,178,2
980,178,2
981,178,2
981,178,2
982,182,1
982,182,1
983,182,1
983,182,1
984,182,1
984,182,1
985,183,1
985,183,1
985,182,1
985,182,2
985,182,1
985,182,2
986,183,1
986,183,1
986,182,1
986,182,2
986,182,1
986,182,2
987,182,1
987,182,1
988,182,1
988,182,1
989,182,1
989,182,1
989,182,1
989,182,1
990,182,1
990,182,1
991,182,1
991,182,1
992,182,1
992,182,1
992,182,1
992,182,1
993,182,1
993,182,1
994,182,1
994,182,1
995,182,1
995,182,1
996,182,1
996,182,1
997,182,1
997,182,1
998,184,1
998,184,1
999,182,1
999,182,1
1000,182,3
1000,182,1
1000,182,1
1000,182,3
1000,182,1
1000,182,1
1001,182,2
1001,182,2
1002,182,2
1002,182,2
1003,182,1
1003,182,4
1003,182,4
1003,182,4
1003,182,2
1003,182,2
1003,182,2
1003,182,1
1003,182,4
1003,182,4
1003,182,4
1003,182,2
1003,182,2
1003,182,2
1003,180,0
1003,182,3
1003,182,4
1003,182,2
1003,182,3
1003,182,4
1003,182,2
1004,182,4
1004,182,2
1004,182,4
1004,182,2
1005,182,4
1005,182,2
1005,182,4
1005,182,2
1006,182,4
1006,182,2
1006,182,4
1006,182,2
1007,182,4
1007,182,2
1007,182,4
1007,182,2
1008,185,2
1009,185,2
1010,185,2
1011,185,2
1011,185,2
1011,185,2
1011,185,2
1011,185,2
1012,185,2
1012,185,2
1013,182,1
1013,182,1
1013,185,2
1013,185,2
1013,185,2
1013,185,2
1013,185,2
1014,185,2
1014,185,2
1015,185,2
1015,185,2
1016,185,2
1016,185,2
1017,185,2
1017,185,2
1017,185,2
1017,185,2
1017,185,2
1017,185,2
1018,185,2
1018,185,2
1019,185,2
1019,185,2
1020,185,2
1020,185,2
1020,185,2
1020,185,2
1021,185,2
1022,185,2
1023,185,2
1024,185,2
1025,178,2
1026,178,2
1027,186,3
1027,186,4
1027,187,3
1027,187,3
1027,188,3
1027,189,4
1027,190,4
1027,190,4
1028,186,3
1028,186,4
1028,187,3
1028,187,3
1028,187,3
1028,187,3
1028,188,3
1028,188,4
1028,189,4
1028,190,4
1028,190,4
1028,190,4
1028,190,4
1029,186,1
1029,187,0
1029,187,3
1029,187,0
1029,187,3
1029,188,3
1029,191,1
1029,191,1
1030,186,3
1030,186,3
1030,186,3
1030,186,1
1030,186,1
1030,186,1
1030,186,5
1030,186,5
1030,186,4
1030,186,4
1030,186,4
1030,186,2
1030,186,2
1030,186,2
1030,187,3
1030,187,3
1030,187,1
1030,187,4
1030,187,3
1030,187,3
1030,187,1
1030,187,4
1030,188,3
1030,188,3
1030,188,3
1030,188,3
1030,188,1
1030,192,3
1030,192,3
1030,192,4
1030,192,2
1030,191,1
1030,191,4
1030,189,4
1030,190,3
1030,190,3
1031,186,3
1031,186,1
1031,186,5
1031,186,4
1031,186,2
1031,187,3
1031,187,3
1031,188,3
1031,188,1
1031,192,3
1031,191,1
1031,191,4
1032,186,3
1032,186,3
1032,186,1
1032,186,1
1032,186,5
1032,186,5
1032,186,4
1032,186,4
1032,186,2
1032,186,2
1032,187,3
1032,187,3
1032,188,3
1032,188,1
1032,192,3
1032,192,3
1032,192,1
1032,191,1
1032,191,4
1032,186,3
1032,186,1
1032,186,5
1032,186,4
1032,186,2
1032,192,0
1032,191,1
1033,186,3
1033,186,1
1033,186,5
1033,186,4
1033,186,2
1033,192,0
1033,191,1
1034,186,3
1034,186,1
1034,186,5
1034,187,3
1034,187,3
1034,186,3
1034,186,1
1034,186,5
1034,186,4
1034,186,2
1034,192,0
1034,191,1
1035,186,3
1035,186,3
1035,186,1
1035,186,1
1035,186,5
1035,187,3
1035,187,1
1035,187,3
1035,187,1
1035,190,1
1035,190,1
1036,186,3
1036,186,1
1036,187,1
1036,187,1
1036,190,1
1036,190,1
1037,190,0
1037,190,0
1038,186,1
1038,187,0
1038,187,0
1038,188,3
1038,188,5
1038,192,1
1038,192,5
1038,192,2
1038,191,0
1039,186,1
1039,187,0
1039,187,0
1039,188,3
1039,188,5
1039,192,1
1039,192,5
1039,192,2
1039,191,0
1040,193,3
1041,193,3
1041,193,3
1041,193,3
1042,193,3
1042,193,3
1043,193,3
1043,193,3
1043,193,3
1043,193,4
1043,193,3
1044,193,3
1045,193,3
1046,194,3
1046,195,3
1046,193,4
1046,193,3
1046,193,4
1047,193,4
1047,193,4
1047,193,4
1047,193,4
1047,193,4
1047,193,4
1047,193,4
1047,193,3
1047,193,4
1047,193,4
1047,193,4
1048,195,3
1048,196,3
1048,197,3
1049,198,3
1050,199,3
1051,200,3
1051,201,3
1051,201,3
1052,194,3
1052,200,3
1052,200,4
1052,201,3
1052,201,4
1052,201,3
1052,201,4
1052,200,3
1052,201,3
1052,201,3
1053,194,3
1053,200,3
1053,200,4
1053,201,3
1053,201,4
1053,201,3
1053,201,4
1054,193,2
1054,193,2
1054,199,3
1055,199,3
1056,193,2
1057,193,2
1058,193,2
1059,202,3
1059,202,3
1059,202,3
1060,203,4
1061,204,5
1061,204,5
1061,204,5
1061,203,5
1061,203,5
1061,204,5
1061,204,5
1061,203,5
1061,203,5
1061,203,5
1061,203,5
1061,204,5
1061,204,5
1061,204,5
1061,203,5
1061,203,5
1062,203,5
1063,203,5
1063,203,5
1064,203,5
1065,203,5
1065,203,5
1066,203,5
1066,203,5
1067,203,5
1068,203,5
1068,203,5
1069,204,5
1069,204,4
1069,204,5
1069,204,4
1069,203,5
1069,203,5
1070,204,5
1070,204,5
1070,204,5
1070,203,5
1070,203,5
1071,203,5
1072,203,5
1072,203,5
1073,205,5
1073,203,3
1073,203,3
1073,203,5
1073,203,5
1073,203,2
1073,203,2
1074,205,5
1074,203,3
1074,203,3
1074,203,5
1074,203,5
1074,203,2
1074,203,2
1074,203,3
1074,203,5
1074,203,5
1074,203,2
1074,203,2
1075,203,3
1075,203,5
1075,203,5
1075,203,2
1075,203,2
1076,203,3
1076,203,5
1076,203,5
1076,203,2
1076,203,2
1077,203,3
1077,203,5
1077,203,5
1077,203,2
1077,203,2
1078,203,5
1078,203,5
1079,203,5
1079,203,5
1080,204,5
1080,204,5
1080,203,5
1080,203,5
1080,203,5
1080,203,5
1081,204,5
1081,204,5
1081,203,5
1081,203,5
1082,206,5
1083,206,5
1084,204,3
1084,204,1
1084,204,5
1084,204,2
1084,204,3
1084,204,1
1084,204,5
1084,204,2
1084,204,3
1084,204,5
1084,204,2
1084,205,5
1084,204,3
1084,204,5
1084,204,3
1084,204,5
1084,204,5
1084,204,2
1085,204,3
1085,204,1
1085,204,5
1085,204,2
1085,204,3
1085,204,1
1085,204,5
1085,204,2
1085,204,3
1085,204,5
1085,204,2
1086,205,5
1086,204,3
1086,204,5
1086,204,2
1086,204,3
1086,204,5
1086,204,2
1086,204,3
1086,204,5
1086,204,2
1087,205,5
1087,204,3
1087,204,5
1087,204,2
1087,204,3
1087,204,5
1087,204,2
1087,204,3
1087,204,5
1087,204,2
1088,205,5
1088,205,5
1088,205,5
1088,205,5
1088,205,5
1088,204,3
1088,204,3
1088,204,3
1088,204,5
1088,204,5
1088,204,5
1088,204,2
1088,204,2
1088,204,2
1088,204,3
1088,204,3
1088,204,3
1088,204,5
1088,204,5
1088,204,5
1088,204,2
1088,204,2
1088,204,2
1088,204,3
1088,204,3
1088,204,5
1088,204,5
1088,204,5
1088,204,2
1088,204,2
1088,204,2
1089,207,0
1090,207,0
1091,207,0
1092,208,3
1093,208,3
1094,208,3
1095,208,3
1096,208,1
1097,208,1
1098,208,3
1098,208,1
1098,208,2
1099,208,1
1100,208,3
1101,208,3
1102,208,2
1103,209,3
1104,210,4
1105,211,2
1105,211,2
1106,211,2
1106,211,2
1106,211,2
1107,211,2
1108,211,2
1109,211,2
1110,211,2
1111,211,2
1111,211,2
1112,211,2
1113,211,2
1114,211,2
1115,211,2
1115,211,2
1116,211,2
1116,211,2
1117,211,2
1117,211,2
1118,212,1
1119,212,2
1120,212,2
1121,212,2
1122,213,1
1123,213,1
1124,213,1
1125,212,1
1126,212,1
1126,212,1
1127,212,1
1128,212,1
1129,212,1
1130,212,1
1131,212,1
1132,212,1
1133,214,3
1133,214,3
1134,214,3
1134,214,3
1135,214,3
1135,214,3
1135,214,3
1135,214,3
1136,214,3
1136,214,3
1136,214,3
1136,214,3
1137,214,3
1137,214,3
1138,214,3
1138,214,3
1139,214,3
1139,214,3
1139,214,3
1139,214,3
1140,214,3
1140,214,3
1140,214,3
1140,214,3
1141,214,3
1141,214,3
1142,214,3
1142,214,3
1143,214,3
1143,214,3
1144,214,3
1144,214,3
1144,214,3
1144,214,3
1145,214,4
1145,214,4
1146,214,4
1146,214,4
1146,214,4
1146,214,4
1147,214,4
1147,214,4
1148,214,4
1149,214,4
1150,214,4
1151,215,3
1151,215,3
1151,215,3
1151,215,5
1151,215,5
1151,215,4
1151,215,4
1151,215,4
1151,215,4
1151,215,4
1151,215,4
1151,215,4
1151,215,4
1151,215,4
1151,215,4
1151,215,4
1151,215,4
1151,215,4
1151,215,4
1151,215,4
1151,215,4
1151,215,4
1151,215,4
1151,215,4
1151,215,4
1151,215,3
1151,215,3
1151,215,3
1151,215,5
1151,215,5
1151,215,4
1151,215,4
1151,215,4
1151,215,4
1151,215,4
1151,215,4
1151,215,4
1151,215,4
1151,215,4
1151,215,4
1151,215,4
1151,215,4
1151,215,4
1151,215,4
1151,215,4
1151,215,4
1151,215,4
1151,215,4
1151,215,4
1151,215,4
1151,216,4
1151,216,4
1151,216,4
1151,216,4
1151,215,4
1151,215,4
1151,215,4
1151,215,4
1152,215,4
1152,215,4
1152,215,4
1152,215,4
1152,215,4
1152,215,4
1152,215,4
1152,215,4
1152,216,4
1152,216,4
1153,215,4
1153,215,4
1153,215,4
1153,215,4
1153,215,4
1153,215,4
1153,215,4
1153,215,4
1153,215,4
1153,215,4
1153,215,4
1153,215,4
1153,215,4
1153,215,4
1153,215,4
1153,215,4
1153,216,4
1153,216,4
1154,215,4
1154,215,4
1154,215,4
1154,215,4
1154,215,4
1154,215,4
1154,215,4
1154,215,4
1154,215,4
1154,215,4
1154,215,4
1154,215,4
1154,217,4
1154,217,4
1154,217,4
1154,217,4
1155,218,4
1155,218,4
1155,215,4
1155,215,4
1155,215,4
1155,215,4
1156,215,3
1156,215,3
1156,215,4
1156,215,4
1156,215,4
1156,215,4
1156,215,3
1156,215,3
1156,215,4
1156,215,4
1156,215,4
1156,215,4
1157,215,3
1157,215,3
1157,215,4
1157,215,4
1157,215,4
1157,215,4
1157,215,3
1157,215,3
1157,215,4
1157,215,4
1157,215,4
1157,215,4
1157,215,3
1157,215,3
1157,215,4
1157,215,4
1157,215,4
1157,215,4
1157,215,3
1157,215,3
1157,215,4
1157,215,4
1157,215,4
1157,215,4
1158,215,3
1158,215,3
1158,215,4
1158,215,4
1158,215,4
1158,215,4
1158,215,3
1158,215,3
1158,215,4
1158,215,4
1158,215,4
1158,215,4
1159,215,4
1159,215,4
1159,215,4
1159,215,4
1159,215,4
1159,215,4
1159,215,4
1159,215,4
1160,215,4
1160,215,4
1160,215,4
1160,215,4
1160,215,4
1160,215,4
1160,215,4
1160,215,4
1160,215,4
1160,215,4
1160,215,4
1160,215,4
1160,215,4
1160,215,4
1160,215,4
1160,215,4
1161,215,4
1161,215,4
1161,215,4
1161,215,4
1161,215,4
1161,215,4
1161,215,4
1161,215,4
1161,219,4
1161,219,4
1161,219,4
1161,219,4
1161,215,4
1161,215,4
1161,215,4
1161,215,4
1162,215,4
1162,215,4
1162,215,4
1162,215,4
1163,220,4
1163,220,4
1164,220,4
1164,220,4
1165,220,4
1165,220,4
1166,221,5
1166,221,5
1167,221,5
1167,221,5
1167,221,5
1167,221,5
1168,222,4
1169,222,4
1170,221,4
1170,221,4
1171,221,4
1171,221,4
1172,221,4
1172,221,4
1173,221,4
1173,221,4
1174,221,4
1174,221,4
1175,223,5
1175,223,4
1176,223,5
1176,223,5
1176,223,5
1176,223,5
1176,223,5
1176,223,4
1176,223,4
1176,223,4
1176,223,5
1177,224,5
1177,224,4
1178,224,4
1179,224,4
1180,224,4
1181,223,4
1181,223,4
1182,225,2
1182,225,2
1182,225,2
1183,225,2
1183,225,2
1183,225,2
1184,225,2
1184,225,2
1184,225,2
1185,225,2
1185,225,2
1185,225,2
1186,225,2
1186,225,2
1186,225,2
1186,224,2
1186,226,4
1186,223,4
1186,223,4
1186,223,4
1187,224,2
1187,226,4
1187,223,4
1187,223,4
1187,223,4
1188,227,2
1189,227,2
1190,227,2
1190,227,3
1190,227,4
1190,227,2
1191,227,3
