seqnames,start,end,id,id2
chr1,1,3560000,1,1760
chr1,3520000,6360000,1761,3160
chr1,6320000,7840000,3161,3900
chr1,7800000,8520000,3901,4240
chr1,8480000,9200000,4241,4580
chr1,9160000,9720000,4581,4840
chr1,9680000,10560000,4841,5260
chr1,10520000,11120000,5261,5540
chr1,11080000,12080000,5541,6020
chr1,12040000,12920000,6021,6440
chr1,12880000,13880000,6441,6920
chr1,13840000,15880000,6921,7920
chr1,15840000,16920000,7921,8440
chr1,16880000,17320000,8441,8640
chr1,17280000,19600000,8641,9780
chr1,19560000,20080000,9781,10020
chr1,20040000,20960000,10021,10460
chr1,20920000,22000000,10461,10980
chr1,21960000,22360000,10981,11160
chr1,22320000,23280000,11161,11620
chr1,23240000,24200000,11621,12080
chr1,24160000,25040000,12081,12500
chr1,25000000,25680000,12501,12820
chr1,25640000,26840000,12821,13400
chr1,26800000,27320000,13401,13640
chr1,27280000,28120000,13641,14040
chr1,28080000,29080000,14041,14520
chr1,29040000,29520000,14521,14740
chr1,29480000,31520000,14741,15740
chr1,31480000,32120000,15741,16040
chr1,32080000,32800000,16041,16380
chr1,32760000,33440000,16381,16700
chr1,33400000,35360000,16701,17660
chr1,35320000,36880000,17661,18420
chr1,36840000,38080000,18421,19020
chr1,38040000,39520000,19021,19740
chr1,39480000,40280000,19741,20120
chr1,40240000,41080000,20121,20520
chr1,41040000,41520000,20521,20740
chr1,41480000,42720000,20741,21340
chr1,42680000,43320000,21341,21640
chr1,43280000,44520000,21641,22240
chr1,44480000,45240000,22241,22600
chr1,45200000,46080000,22601,23020
chr1,46040000,46840000,23021,23400
chr1,46800000,47800000,23401,23880
chr1,47760000,50880000,23881,25420
chr1,50840000,51880000,25421,25920
chr1,51840000,52400000,25921,26180
chr1,52360000,53760000,26181,26860
chr1,53720000,54280000,26861,27120
chr1,54240000,55440000,27121,27700
chr1,55400000,57320000,27701,28640
chr1,57280000,59120000,28641,29540
chr1,59080000,60400000,29541,30180
chr1,60360000,62720000,30181,31340
chr1,62680000,64080000,31341,32020
chr1,64040000,64800000,32021,32380
chr1,64760000,65560000,32381,32760
chr1,65520000,66200000,32761,33080
chr1,66160000,67320000,33081,33640
chr1,67280000,68360000,33641,34160
chr1,68320000,68880000,34161,34420
chr1,68840000,70640000,34421,35300
chr1,70600000,71080000,35301,35520
chr1,71040000,71560000,35521,35760
chr1,71520000,73080000,35761,36520
chr1,73040000,73880000,36521,36920
chr1,73840000,74320000,36921,37140
chr1,74280000,75280000,37141,37620
chr1,75240000,75800000,37621,37880
chr1,75760000,76320000,37881,38140
chr1,76280000,78560000,38141,39260
chr1,78520000,79160000,39261,39560
chr1,79120000,80680000,39561,40320
chr1,80640000,81240000,40321,40600
chr1,81200000,83200000,40601,41580
chr1,83160000,84360000,41581,42160
chr1,84320000,85640000,42161,42800
chr1,85600000,86920000,42801,43440
chr1,86880000,87280000,43441,43620
chr1,87240000,87520000,43621,43740
chr1,87480000,89320000,43741,44640
chr1,89280000,90040000,44641,45000
chr1,90000000,90520000,45001,45240
chr1,90480000,91160000,45241,45560
chr1,91120000,91880000,45561,45920
chr1,91840000,92520000,45921,46240
chr1,92480000,93360000,46241,46660
chr1,93320000,94440000,46661,47200
chr1,94400000,94920000,47201,47440
chr1,94880000,95600000,47441,47780
chr1,95560000,97440000,47781,48700
chr1,97400000,99200000,48701,49580
chr1,99160000,100280000,49581,50120
chr1,100240000,101440000,50121,50700
chr1,101400000,101880000,50701,50920
chr1,101840000,104200000,50921,52080
chr1,104160000,106440000,52081,53200
chr1,106400000,108360000,53201,54160
chr1,108320000,109240000,54161,54600
chr1,109200000,109640000,54601,54800
chr1,109600000,110640000,54801,55300
chr1,110600000,111040000,55301,55500
chr1,111000000,113240000,55501,56600
chr1,113200000,114400000,56601,57180
chr1,114360000,115600000,57181,57780
chr1,115560000,116280000,57781,58120
chr1,116240000,116680000,58121,58320
chr1,116640000,117160000,58321,58560
chr1,117120000,117640000,58561,58800
chr1,117600000,118520000,58801,59240
chr1,118480000,142640000,59241,71300
chr1,142600000,143680000,71301,71820
chr1,143640000,146280000,71821,73120
chr1,146240000,148200000,73121,74080
chr1,148160000,148480000,74081,74220
chr1,148440000,149720000,74221,74840
chr1,149680000,151280000,74841,75620
chr1,151240000,151920000,75621,75940
chr1,151880000,153640000,75941,76800
chr1,153600000,154320000,76801,77140
chr1,154280000,155200000,77141,77580
chr1,155160000,156600000,77581,78280
chr1,156560000,159200000,78281,79580
chr1,159160000,160080000,79581,80020
chr1,160040000,161480000,80021,80720
chr1,161440000,162720000,80721,81340
chr1,162680000,163280000,81341,81620
chr1,163240000,165240000,81621,82600
chr1,165200000,166920000,82601,83440
chr1,166880000,168160000,83441,84060
chr1,168120000,169840000,84061,84900
chr1,169800000,171440000,84901,85700
chr1,171400000,172560000,85701,86260
chr1,172520000,173360000,86261,86660
chr1,173320000,174240000,86661,87100
chr1,174200000,175040000,87101,87500
chr1,175000000,176480000,87501,88220
chr1,176440000,176840000,88221,88400
chr1,176800000,178400000,88401,89180
chr1,178360000,179160000,89181,89560
chr1,179120000,179760000,89561,89860
chr1,179720000,180360000,89861,90160
chr1,180320000,181160000,90161,90560
chr1,181120000,182080000,90561,91020
chr1,182040000,182880000,91021,91420
chr1,182840000,183600000,91421,91780
chr1,183560000,184800000,91781,92380
chr1,184760000,185160000,92381,92560
chr1,185120000,185680000,92561,92820
chr1,185640000,186400000,92821,93180
chr1,186360000,187000000,93181,93480
chr1,186960000,189120000,93481,94540
chr1,189080000,190520000,94541,95240
chr1,190480000,192000000,95241,95980
chr1,191960000,192520000,95981,96240
chr1,192480000,193120000,96241,96540
chr1,193080000,194440000,96541,97200
chr1,194400000,195880000,97201,97920
chr1,195840000,197160000,97921,98560
chr1,197120000,197960000,98561,98960
chr1,197920000,198720000,98961,99340
chr1,198680000,199600000,99341,99780
chr1,199560000,201240000,99781,100600
chr1,201200000,202120000,100601,101040
chr1,202080000,203000000,101041,101480
chr1,202960000,203800000,101481,101880
chr1,203760000,204480000,101881,102220
chr1,204440000,205720000,102221,102840
chr1,205680000,206640000,102841,103300
chr1,206600000,208040000,103301,104000
chr1,208000000,209960000,104001,104960
chr1,209920000,210520000,104961,105240
chr1,210480000,211800000,105241,105880
chr1,211760000,212680000,105881,106320
chr1,212640000,213240000,106321,106600
chr1,213200000,214520000,106601,107240
chr1,214480000,214800000,107241,107380
chr1,214760000,215880000,107381,107920
chr1,215840000,216880000,107921,108420
chr1,216840000,218440000,108421,109200
chr1,218400000,220080000,109201,110020
chr1,220040000,221040000,110021,110500
chr1,221000000,222840000,110501,111400
chr1,222800000,223320000,111401,111640
chr1,223280000,224040000,111641,112000
chr1,224000000,225640000,112001,112800
chr1,225600000,226360000,112801,113160
chr1,226320000,228720000,113161,114340
chr1,228680000,229720000,114341,114840
chr1,229680000,230840000,114841,115400
chr1,230800000,231480000,115401,115720
chr1,231440000,231840000,115721,115900
chr1,231800000,233360000,115901,116660
chr1,233320000,234600000,116661,117280
chr1,234560000,235360000,117281,117660
chr1,235320000,236200000,117661,118080
chr1,236160000,236720000,118081,118340
chr1,236680000,237880000,118341,118920
chr1,237840000,240280000,118921,120120
chr1,240240000,240880000,120121,120420
chr1,240840000,242120000,120421,121040
chr1,242080000,243280000,121041,121620
chr1,243240000,245000000,121621,122480
chr1,244960000,249250621,122481,124626
chr10,1,4920000,124627,127066
chr10,4880000,5880000,127067,127546
chr10,5840000,7760000,127547,128486
chr10,7720000,9400000,128487,129306
chr10,9360000,12000000,129307,130606
chr10,11960000,13360000,130607,131286
chr10,13320000,15280000,131287,132246
chr10,15240000,16960000,132247,133086
chr10,16920000,17800000,133087,133506
chr10,17760000,18760000,133507,133986
chr10,18720000,19640000,133987,134426
chr10,19600000,21240000,134427,135226
chr10,21200000,22280000,135227,135746
chr10,22240000,23520000,135747,136366
chr10,23480000,24920000,136367,137066
chr10,24880000,25400000,137067,137306
chr10,25360000,26000000,137307,137606
chr10,25960000,27560000,137607,138386
chr10,27520000,28840000,138387,139026
chr10,28800000,29800000,139027,139506
chr10,29760000,30920000,139507,140066
chr10,30880000,32640000,140067,140926
chr10,32600000,35440000,140927,142326
chr10,35400000,37240000,142327,143226
chr10,37200000,44040000,143227,146626
chr10,44000000,46480000,146627,147846
chr10,46440000,46920000,147847,148066
chr10,46880000,48320000,148067,148766
chr10,48280000,48840000,148767,149026
chr10,48800000,51120000,149027,150166
chr10,51080000,51960000,150167,150586
chr10,51920000,54520000,150587,151866
chr10,54480000,57400000,151867,153306
chr10,57360000,58080000,153307,153646
chr10,58040000,60120000,153647,154666
chr10,60080000,61520000,154667,155366
chr10,61480000,61920000,155367,155566
chr10,61880000,62520000,155567,155866
chr10,62480000,64240000,155867,156726
chr10,64200000,64920000,156727,157066
chr10,64880000,65680000,157067,157446
chr10,65640000,68040000,157447,158626
chr10,68000000,69560000,158627,159386
chr10,69520000,70160000,159387,159686
chr10,70120000,70880000,159687,160046
chr10,70840000,72000000,160047,160606
chr10,71960000,72600000,160607,160906
chr10,72560000,73120000,160907,161166
chr10,73080000,73680000,161167,161446
chr10,73640000,75000000,161447,162106
chr10,74960000,75600000,162107,162406
chr10,75560000,77080000,162407,163146
chr10,77040000,78960000,163147,164086
chr10,78920000,79760000,164087,164486
chr10,79720000,81280000,164487,165246
chr10,81240000,82080000,165247,165646
chr10,82040000,83800000,165647,166506
chr10,83760000,85960000,166507,167586
chr10,85920000,86360000,167587,167786
chr10,86320000,88320000,167787,168766
chr10,88280000,89000000,168767,169106
chr10,88960000,90680000,169107,169946
chr10,90640000,91000000,169947,170106
chr10,90960000,92680000,170107,170946
chr10,92640000,93800000,170947,171506
chr10,93760000,94400000,171507,171806
chr10,94360000,95400000,171807,172306
chr10,95360000,96360000,172307,172786
chr10,96320000,97720000,172787,173466
chr10,97680000,98200000,173467,173706
chr10,98160000,99440000,173707,174326
chr10,99400000,101480000,174327,175346
chr10,101440000,102320000,175347,175766
chr10,102280000,102840000,175767,176026
chr10,102800000,103920000,176027,176566
chr10,103880000,104480000,176567,176846
chr10,104440000,105360000,176847,177286
chr10,105320000,106080000,177287,177646
chr10,106040000,108160000,177647,178686
chr10,108120000,110440000,178687,179826
chr10,110400000,111720000,179827,180466
chr10,111680000,112480000,180467,180846
chr10,112440000,114160000,180847,181686
chr10,114120000,115440000,181687,182326
chr10,115400000,116040000,182327,182626
chr10,116000000,116560000,182627,182886
chr10,116520000,116920000,182887,183066
chr10,116880000,118360000,183067,183786
chr10,118320000,119040000,183787,184126
chr10,119000000,120880000,184127,185046
chr10,120840000,121320000,185047,185266
chr10,121280000,122680000,185267,185946
chr10,122640000,123920000,185947,186566
chr10,123880000,124440000,186567,186826
chr10,124400000,126560000,186827,187886
chr10,126520000,127520000,187887,188366
chr10,127480000,128520000,188367,188866
chr10,128480000,129960000,188867,189586
chr10,129920000,132000000,189587,190606
chr10,131960000,135534747,190607,192394
chr11,1,2240000,192395,193494
chr11,2200000,3080000,193495,193914
chr11,3040000,3440000,193915,194094
chr11,3400000,4120000,194095,194434
chr11,4080000,6040000,194435,195394
chr11,6000000,6720000,195395,195734
chr11,6680000,8120000,195735,196434
chr11,8080000,9080000,196435,196914
chr11,9040000,9600000,196915,197174
chr11,9560000,10840000,197175,197794
chr11,10800000,12040000,197795,198394
chr11,12000000,13560000,198395,199154
chr11,13520000,14560000,199155,199654
chr11,14520000,15200000,199655,199974
chr11,15160000,16840000,199975,200794
chr11,16800000,17240000,200795,200994
chr11,17200000,18120000,200995,201434
chr11,18080000,18840000,201435,201794
chr11,18800000,20560000,201795,202654
chr11,20520000,22360000,202655,203554
chr11,22320000,22880000,203555,203814
chr11,22840000,24560000,203815,204654
chr11,24520000,26360000,204655,205554
chr11,26320000,27600000,205555,206174
chr11,27560000,29400000,206175,207074
chr11,29360000,30320000,207075,207534
chr11,30280000,31040000,207535,207894
chr11,31000000,32400000,207895,208574
chr11,32360000,32640000,208575,208694
chr11,32600000,34080000,208695,209414
chr11,34040000,34480000,209415,209614
chr11,34440000,34920000,209615,209834
chr11,34880000,35520000,209835,210134
chr11,35480000,36600000,210135,210674
chr11,36560000,39040000,210675,211894
chr11,39000000,39400000,211895,212074
chr11,39360000,40240000,212075,212494
chr11,40200000,40880000,212495,212814
chr11,40840000,41440000,212815,213094
chr11,41400000,43520000,213095,214134
chr11,43480000,43960000,214135,214354
chr11,43920000,45280000,214355,215014
chr11,45240000,45920000,215015,215334
chr11,45880000,46440000,215335,215594
chr11,46400000,47880000,215595,216314
chr11,47840000,51120000,216315,217934
chr11,51080000,54800000,217935,219774
chr11,54760000,57120000,219775,220934
chr11,57080000,58400000,220935,221574
chr11,58360000,59360000,221575,222054
chr11,59320000,61160000,222055,222954
chr11,61120000,61520000,222955,223134
chr11,61480000,62040000,223135,223394
chr11,62000000,62560000,223395,223654
chr11,62520000,64080000,223655,224414
chr11,64040000,64640000,224415,224694
chr11,64600000,65400000,224695,225074
chr11,65360000,65840000,225075,225294
chr11,65800000,67320000,225295,226034
chr11,67280000,68760000,226035,226754
chr11,68720000,69720000,226755,227234
chr11,69680000,70200000,227235,227474
chr11,70160000,71520000,227475,228134
chr11,71480000,72360000,228135,228554
chr11,72320000,73080000,228555,228914
chr11,73040000,73720000,228915,229234
chr11,73680000,75120000,229235,229934
chr11,75080000,76800000,229935,230774
chr11,76760000,77480000,230775,231114
chr11,77440000,77800000,231115,231274
chr11,77760000,78280000,231275,231514
chr11,78240000,78840000,231515,231794
chr11,78800000,79320000,231795,232034
chr11,79280000,81240000,232035,232994
chr11,81200000,82480000,232995,233614
chr11,82440000,83560000,233615,234154
chr11,83520000,84160000,234155,234454
chr11,84120000,85600000,234455,235174
chr11,85560000,86160000,235175,235454
chr11,86120000,86600000,235455,235674
chr11,86560000,87080000,235675,235914
chr11,87040000,88840000,235915,236794
chr11,88800000,89880000,236795,237314
chr11,89840000,91160000,237315,237954
chr11,91120000,92960000,237955,238854
chr11,92920000,93520000,238855,239134
chr11,93480000,94320000,239135,239534
chr11,94280000,94760000,239535,239754
chr11,94720000,95600000,239755,240174
chr11,95560000,96200000,240175,240474
chr11,96160000,97040000,240475,240894
chr11,97000000,98440000,240895,241594
chr11,98400000,98960000,241595,241854
chr11,98920000,99720000,241855,242234
chr11,99680000,100480000,242235,242614
chr11,100440000,101000000,242615,242874
chr11,100960000,101280000,242875,243014
chr11,101240000,101920000,243015,243334
chr11,101880000,102680000,243335,243714
chr11,102640000,102960000,243715,243854
chr11,102920000,104120000,243855,244434
chr11,104080000,105960000,244435,245354
chr11,105920000,107440000,245355,246094
chr11,107400000,107720000,246095,246234
chr11,107680000,108600000,246235,246674
chr11,108560000,109880000,246675,247314
chr11,109840000,111400000,247315,248074
chr11,111360000,112040000,248075,248394
chr11,112000000,113760000,248395,249254
chr11,113720000,115080000,249255,249914
chr11,115040000,116680000,249915,250714
chr11,116640000,117160000,250715,250954
chr11,117120000,118960000,250955,251854
chr11,118920000,120160000,251855,252454
chr11,120120000,121040000,252455,252894
chr11,121000000,121480000,252895,253114
chr11,121440000,122880000,253115,253814
chr11,122840000,123440000,253815,254094
chr11,123400000,124720000,254095,254734
chr11,124680000,125440000,254735,255094
chr11,125400000,126240000,255095,255494
chr11,126200000,128000000,255495,256374
chr11,127960000,128880000,256375,256814
chr11,128840000,129720000,256815,257234
chr11,129680000,130040000,257235,257394
chr11,130000000,130840000,257395,257794
chr11,130800000,131560000,257795,258154
chr11,131520000,132040000,258155,258394
chr11,132000000,135006516,258395,259898
chr12,1,3200000,259899,261478
chr12,3160000,3960000,261479,261858
chr12,3920000,4560000,261859,262158
chr12,4520000,4960000,262159,262358
chr12,4920000,6680000,262359,263218
chr12,6640000,6960000,263219,263358
chr12,6920000,8600000,263359,264178
chr12,8560000,9520000,264179,264638
chr12,9480000,9800000,264639,264778
chr12,9760000,10880000,264779,265318
chr12,10840000,11680000,265319,265718
chr12,11640000,13000000,265719,266378
chr12,12960000,14400000,266379,267078
chr12,14360000,14880000,267079,267318
chr12,14840000,15720000,267319,267738
chr12,15680000,16160000,267739,267958
chr12,16120000,17080000,267959,268418
chr12,17040000,18280000,268419,269018
chr12,18240000,19800000,269019,269778
chr12,19760000,21760000,269779,270758
chr12,21720000,22720000,270759,271238
chr12,22680000,24280000,271239,272018
chr12,24240000,25120000,272019,272438
chr12,25080000,26280000,272439,273018
chr12,26240000,27160000,273019,273458
chr12,27120000,27560000,273459,273658
chr12,27520000,27880000,273659,273818
chr12,27840000,29480000,273819,274618
chr12,29440000,31400000,274619,275578
chr12,31360000,32920000,275579,276338
chr12,32880000,34360000,276339,277058
chr12,34320000,37960000,277059,278858
chr12,37920000,39720000,278859,279738
chr12,39680000,40080000,279739,279918
chr12,40040000,40640000,279919,280198
chr12,40600000,41320000,280199,280538
chr12,41280000,42560000,280539,281158
chr12,42520000,43880000,281159,281818
chr12,43840000,44280000,281819,282018
chr12,44240000,45520000,282019,282638
chr12,45480000,46440000,282639,283098
chr12,46400000,48200000,283099,283978
chr12,48160000,49440000,283979,284598
chr12,49400000,50120000,284599,284938
chr12,50080000,51160000,284939,285458
chr12,51120000,51840000,285459,285798
chr12,51800000,52440000,285799,286098
chr12,52400000,53520000,286099,286638
chr12,53480000,54840000,286639,287298
chr12,54800000,55520000,287299,287638
chr12,55480000,56440000,287639,288098
chr12,56400000,57040000,288099,288398
chr12,57000000,58160000,288399,288958
chr12,58120000,59800000,288959,289778
chr12,59760000,60920000,289779,290338
chr12,60880000,62680000,290339,291218
chr12,62640000,63560000,291219,291658
chr12,63520000,64240000,291659,291998
chr12,64200000,64880000,291999,292318
chr12,64840000,65160000,292319,292458
chr12,65120000,66640000,292459,293198
chr12,66600000,67720000,293199,293738
chr12,67680000,69280000,293739,294518
chr12,69240000,69640000,294519,294698
chr12,69600000,70000000,294699,294878
chr12,69960000,72240000,294879,295998
chr12,72200000,75000000,295999,297378
chr12,74960000,75840000,297379,297798
chr12,75800000,77080000,297799,298418
chr12,77040000,77400000,298419,298578
chr12,77360000,78440000,298579,299098
chr12,78400000,79000000,299099,299378
chr12,78960000,79800000,299379,299778
chr12,79760000,80760000,299779,300258
chr12,80720000,81840000,300259,300798
chr12,81800000,82880000,300799,301318
chr12,82840000,84240000,301319,301998
chr12,84200000,85440000,301999,302598
chr12,85400000,86400000,302599,303078
chr12,86360000,88480000,303079,304118
chr12,88440000,89400000,304119,304578
chr12,89360000,90000000,304579,304878
chr12,89960000,90520000,304879,305138
chr12,90480000,91440000,305139,305598
chr12,91400000,93160000,305599,306458
chr12,93120000,93880000,306459,306818
chr12,93840000,94560000,306819,307158
chr12,94520000,95400000,307159,307578
chr12,95360000,96440000,307579,308098
chr12,96400000,96920000,308099,308338
chr12,96880000,98960000,308339,309358
chr12,98920000,99360000,309359,309558
chr12,99320000,100600000,309559,310178
chr12,100560000,101160000,310179,310458
chr12,101120000,101840000,310459,310798
chr12,101800000,102240000,310799,310998
chr12,102200000,103360000,310999,311558
chr12,103320000,104240000,311559,311998
chr12,104200000,105640000,311999,312698
chr12,105600000,106720000,312699,313238
chr12,106680000,107480000,313239,313618
chr12,107440000,108200000,313619,313978
chr12,108160000,109080000,313979,314418
chr12,109040000,109920000,314419,314838
chr12,109880000,110400000,314839,315078
chr12,110360000,110920000,315079,315338
chr12,110880000,111280000,315339,315518
chr12,111240000,111880000,315519,315818
chr12,111840000,112920000,315819,316338
chr12,112880000,113640000,316339,316698
chr12,113600000,114320000,316699,317038
chr12,114280000,115040000,317039,317398
chr12,115000000,116400000,317399,318078
chr12,116360000,117600000,318079,318678
chr12,117560000,118480000,318679,319118
chr12,118440000,120720000,319119,320238
chr12,120680000,121920000,320239,320838
chr12,121880000,122360000,320839,321058
chr12,122320000,124320000,321059,322038
chr12,124280000,125480000,322039,322618
chr12,125440000,127440000,322619,323598
chr12,127400000,128760000,323599,324258
chr12,128720000,130880000,324259,325318
chr12,130840000,133851895,325319,326824
chr13,1,22120000,326825,337864
chr13,22080000,23960000,337865,338784
chr13,23920000,24600000,338785,339104
chr13,24560000,25200000,339105,339404
chr13,25160000,25560000,339405,339584
chr13,25520000,26800000,339585,340204
chr13,26760000,27520000,340205,340564
chr13,27480000,27960000,340565,340784
chr13,27920000,28680000,340785,341144
chr13,28640000,29320000,341145,341464
chr13,29280000,30120000,341465,341864
chr13,30080000,31720000,341865,342664
chr13,31680000,32480000,342665,343044
chr13,32440000,32960000,343045,343284
chr13,32920000,33600000,343285,343604
chr13,33560000,34400000,343605,344004
chr13,34360000,36480000,344005,345044
chr13,36440000,37640000,345045,345624
chr13,37600000,39560000,345625,346584
chr13,39520000,40320000,346585,346964
chr13,40280000,41680000,346965,347644
chr13,41640000,42880000,347645,348244
chr13,42840000,44520000,348245,349064
chr13,44480000,46040000,349065,349824
chr13,46000000,47000000,349825,350304
chr13,46960000,47320000,350305,350464
chr13,47280000,48680000,350465,351144
chr13,48640000,49880000,351145,351744
chr13,49840000,50240000,351745,351924
chr13,50200000,51720000,351925,352664
chr13,51680000,53120000,352665,353364
chr13,53080000,53760000,353365,353684
chr13,53720000,56000000,353685,354804
chr13,55960000,58200000,354805,355904
chr13,58160000,59880000,355905,356744
chr13,59840000,60400000,356745,357004
chr13,60360000,61080000,357005,357344
chr13,61040000,62600000,357345,358104
chr13,62560000,63600000,358105,358604
chr13,63560000,64560000,358605,359084
chr13,64520000,66280000,359085,359944
chr13,66240000,68000000,359945,360804
chr13,67960000,70160000,360805,361884
chr13,70120000,71200000,361885,362404
chr13,71160000,73360000,362405,363484
chr13,73320000,74320000,363485,363964
chr13,74280000,76040000,363965,364824
chr13,76000000,77600000,364825,365604
chr13,77560000,78240000,365605,365924
chr13,78200000,78720000,365925,366164
chr13,78680000,80120000,366165,366864
chr13,80080000,81600000,366865,367604
chr13,81560000,83080000,367605,368344
chr13,83040000,85400000,368345,369504
chr13,85360000,86560000,369505,370084
chr13,86520000,87960000,370085,370784
chr13,87920000,88400000,370785,371004
chr13,88360000,90480000,371005,372044
chr13,90440000,92000000,372045,372804
chr13,91960000,92600000,372805,373104
chr13,92560000,95240000,373105,374424
chr13,95200000,96240000,374425,374924
chr13,96200000,98520000,374925,376064
chr13,98480000,99160000,376065,376384
chr13,99120000,100120000,376385,376864
chr13,100080000,101360000,376865,377484
chr13,101320000,103560000,377485,378584
chr13,103520000,104520000,378585,379064
chr13,104480000,106000000,379065,379804
chr13,105960000,106600000,379805,380104
chr13,106560000,107880000,380105,380744
chr13,107840000,108960000,380745,381284
chr13,108920000,109560000,381285,381584
chr13,109520000,110880000,381585,382244
chr13,110840000,111640000,382245,382624
chr13,111600000,112080000,382625,382844
chr13,112040000,115169878,382845,384409
chr14,1,21560000,384410,395169
chr14,21520000,22320000,395170,395549
chr14,22280000,23560000,395550,396169
chr14,23520000,24000000,396170,396389
chr14,23960000,24880000,396390,396829
chr14,24840000,25840000,396830,397309
chr14,25800000,26680000,397310,397729
chr14,26640000,27480000,397730,398129
chr14,27440000,28040000,398130,398409
chr14,28000000,29200000,398410,398989
chr14,29160000,30040000,398990,399409
chr14,30000000,31120000,399410,399949
chr14,31080000,31760000,399950,400269
chr14,31720000,33040000,400270,400909
chr14,33000000,35000000,400910,401889
chr14,34960000,36360000,401890,402569
chr14,36320000,37000000,402570,402889
chr14,36960000,37720000,402890,403249
chr14,37680000,38120000,403250,403449
chr14,38080000,39640000,403450,404209
chr14,39600000,39920000,404210,404349
chr14,39880000,41800000,404350,405289
chr14,41760000,42480000,405290,405629
chr14,42440000,44040000,405630,406409
chr14,44000000,45440000,406410,407109
chr14,45400000,45760000,407110,407269
chr14,45720000,47560000,407270,408169
chr14,47520000,48200000,408170,408489
chr14,48160000,50160000,408490,409469
chr14,50120000,51400000,409470,410089
chr14,51360000,52800000,410090,410789
chr14,52760000,53720000,410790,411249
chr14,53680000,55040000,411250,411909
chr14,55000000,55480000,411910,412129
chr14,55440000,57040000,412130,412909
chr14,57000000,57920000,412910,413349
chr14,57880000,58760000,413350,413769
chr14,58720000,59600000,413770,414189
chr14,59560000,60080000,414190,414429
chr14,60040000,60720000,414430,414749
chr14,60680000,61000000,414750,414889
chr14,60960000,61880000,414890,415329
chr14,61840000,62400000,415330,415589
chr14,62360000,63920000,415590,416349
chr14,63880000,65000000,416350,416889
chr14,64960000,65480000,416890,417129
chr14,65440000,66720000,417130,417749
chr14,66680000,67920000,417750,418349
chr14,67880000,68200000,418350,418489
chr14,68160000,70000000,418490,419389
chr14,69960000,71440000,419390,420109
chr14,71400000,72360000,420110,420569
chr14,72320000,73040000,420570,420909
chr14,73000000,73520000,420910,421149
chr14,73480000,74640000,421150,421709
chr14,74600000,75000000,421710,421889
chr14,74960000,76120000,421890,422449
chr14,76080000,76520000,422450,422649
chr14,76480000,77680000,422650,423229
chr14,77640000,79360000,423230,424069
chr14,79320000,80560000,424070,424669
chr14,80520000,81680000,424670,425229
chr14,81640000,82000000,425230,425389
chr14,81960000,83680000,425390,426229
chr14,83640000,84440000,426230,426609
chr14,84400000,84800000,426610,426789
chr14,84760000,86520000,426790,427649
chr14,86480000,87280000,427650,428029
chr14,87240000,88400000,428030,428589
chr14,88360000,89080000,428590,428929
chr14,89040000,89400000,428930,429089
chr14,89360000,90720000,429090,429749
chr14,90680000,91360000,429750,430069
chr14,91320000,91800000,430070,430289
chr14,91760000,92600000,430290,430689
chr14,92560000,93240000,430690,431009
chr14,93200000,94520000,431010,431649
chr14,94480000,95960000,431650,432369
chr14,95920000,97000000,432370,432889
chr14,96960000,98440000,432890,433609
chr14,98400000,100040000,433610,434409
chr14,100000000,100760000,434410,434769
chr14,100720000,102280000,434770,435529
chr14,102240000,102840000,435530,435809
chr14,102800000,104160000,435810,436469
chr14,104120000,104560000,436470,436669
chr14,104520000,107349540,436670,438084
chr15,1,21960000,438085,449044
chr15,21920000,23600000,449045,449864
chr15,23560000,25480000,449865,450804
chr15,25440000,27200000,450805,451664
chr15,27160000,28920000,451665,452524
chr15,28880000,30560000,452525,453344
chr15,30520000,31840000,453345,453984
chr15,31800000,32800000,453985,454464
chr15,32760000,34880000,454465,455504
chr15,34840000,35240000,455505,455684
chr15,35200000,37600000,455685,456864
chr15,37560000,38280000,456865,457204
chr15,38240000,38800000,457205,457464
chr15,38760000,40760000,457465,458444
chr15,40720000,41760000,458445,458944
chr15,41720000,42880000,458945,459504
chr15,42840000,44080000,459505,460104
chr15,44040000,45000000,460105,460564
chr15,44960000,45440000,460565,460784
chr15,45400000,45880000,460785,461004
chr15,45840000,47480000,461005,461804
chr15,47440000,48760000,461805,462444
chr15,48720000,49120000,462445,462624
chr15,49080000,50680000,462625,463404
chr15,50640000,51360000,463405,463744
chr15,51320000,51880000,463745,464004
chr15,51840000,52400000,464005,464264
chr15,52360000,53040000,464265,464584
chr15,53000000,54120000,464585,465124
chr15,54080000,55600000,465125,465864
chr15,55560000,56280000,465865,466204
chr15,56240000,58000000,466205,467064
chr15,57960000,58480000,467065,467304
chr15,58440000,59280000,467305,467704
chr15,59240000,59960000,467705,468044
chr15,59920000,60760000,468045,468444
chr15,60720000,61360000,468445,468744
chr15,61320000,62600000,468745,469364
chr15,62560000,63080000,469365,469604
chr15,63040000,63480000,469605,469804
chr15,63440000,63880000,469805,470004
chr15,63840000,64520000,470005,470324
chr15,64480000,65440000,470325,470784
chr15,65400000,66200000,470785,471164
chr15,66160000,66880000,471165,471504
chr15,66840000,68600000,471505,472364
chr15,68560000,69280000,472365,472704
chr15,69240000,69760000,472705,472944
chr15,69720000,71000000,472945,473564
chr15,70960000,72600000,473565,474364
chr15,72560000,74320000,474365,475224
chr15,74280000,75280000,475225,475704
chr15,75240000,75640000,475705,475884
chr15,75600000,76040000,475885,476084
chr15,76000000,77320000,476085,476724
chr15,77280000,78280000,476725,477204
chr15,78240000,79160000,477205,477644
chr15,79120000,80720000,477645,478424
chr15,80680000,81320000,478425,478724
chr15,81280000,82680000,478725,479404
chr15,82640000,83120000,479405,479624
chr15,83080000,85000000,479625,480564
chr15,84960000,85720000,480565,480924
chr15,85680000,86280000,480925,481204
chr15,86240000,87320000,481205,481724
chr15,87280000,89200000,481725,482664
chr15,89160000,89880000,482665,483004
chr15,89840000,90200000,483005,483164
chr15,90160000,90760000,483165,483444
chr15,90720000,91520000,483445,483824
chr15,91480000,93480000,483825,484804
chr15,93440000,94840000,484805,485484
chr15,94800000,96960000,485485,486544
chr15,96920000,98960000,486545,487544
chr15,98920000,99760000,487545,487944
chr15,99720000,100400000,487945,488264
chr15,100360000,102531392,488265,489350
chr16,1,2120000,489351,490390
chr16,2080000,3040000,490391,490850
chr16,3000000,4520000,490851,491590
chr16,4480000,5040000,491591,491850
chr16,5000000,6760000,491851,492710
chr16,6720000,8680000,492711,493670
chr16,8640000,9080000,493671,493870
chr16,9040000,11000000,493871,494830
chr16,10960000,11520000,494831,495090
chr16,11480000,12280000,495091,495470
chr16,12240000,14080000,495471,496370
chr16,14040000,14840000,496371,496750
chr16,14800000,15840000,496751,497250
chr16,15800000,16440000,497251,497550
chr16,16400000,18800000,497551,498730
chr16,18760000,21360000,498731,500010
chr16,21320000,22720000,500011,500690
chr16,22680000,23560000,500691,501110
chr16,23520000,25160000,501111,501910
chr16,25120000,27600000,501911,503130
chr16,27560000,28880000,503131,503770
chr16,28840000,29440000,503771,504050
chr16,29400000,30200000,504051,504430
chr16,30160000,30960000,504431,504810
chr16,30920000,32080000,504811,505370
chr16,32040000,34080000,505371,506370
chr16,34040000,46560000,506371,512610
chr16,46520000,48400000,512611,513530
chr16,48360000,48680000,513531,513670
chr16,48640000,49520000,513671,514090
chr16,49480000,50160000,514091,514410
chr16,50120000,50720000,514411,514690
chr16,50680000,52040000,514691,515350
chr16,52000000,53560000,515351,516110
chr16,53520000,55520000,516111,517090
chr16,55480000,56560000,517091,517610
chr16,56520000,57600000,517611,518130
chr16,57560000,58240000,518131,518450
chr16,58200000,58760000,518451,518710
chr16,58720000,61080000,518711,519870
chr16,61040000,61440000,519871,520050
chr16,61400000,62280000,520051,520470
chr16,62240000,63440000,520471,521050
chr16,63400000,65200000,521051,521930
chr16,65160000,65640000,521931,522150
chr16,65600000,66800000,522151,522730
chr16,66760000,68360000,522731,523510
chr16,68320000,69440000,523511,524050
chr16,69400000,70320000,524051,524490
chr16,70280000,71720000,524491,525190
chr16,71680000,72080000,525191,525370
chr16,72040000,74440000,525371,526550
chr16,74400000,75680000,526551,527170
chr16,75640000,77320000,527171,527990
chr16,77280000,78200000,527991,528430
chr16,78160000,81040000,528431,529850
chr16,81000000,81920000,529851,530290
chr16,81880000,84080000,530291,531370
chr16,84040000,84640000,531371,531650
chr16,84600000,85160000,531651,531910
chr16,85120000,85800000,531911,532230
chr16,85760000,86600000,532231,532630
chr16,86560000,88040000,532631,533350
chr16,88000000,90354753,533351,534528
chr17,1,2600000,534529,535808
chr17,2560000,3680000,535809,536348
chr17,3640000,5000000,536349,537008
chr17,4960000,7200000,537009,538108
chr17,7160000,7520000,538109,538268
chr17,7480000,8160000,538269,538588
chr17,8120000,8840000,538589,538928
chr17,8800000,9680000,538929,539348
chr17,9640000,10640000,539349,539828
chr17,10600000,12040000,539829,540528
chr17,12000000,12960000,540529,540988
chr17,12920000,14200000,540989,541608
chr17,14160000,16320000,541609,542668
chr17,16280000,18480000,542669,543748
chr17,18440000,19040000,543749,544028
chr17,19000000,19800000,544029,544408
chr17,19760000,20920000,544409,544968
chr17,20880000,25360000,544969,547188
chr17,25320000,26920000,547189,547968
chr17,26880000,27520000,547969,548268
chr17,27480000,28520000,548269,548768
chr17,28480000,29200000,548769,549108
chr17,29160000,29800000,549109,549408
chr17,29760000,30760000,549409,549888
chr17,30720000,32080000,549889,550548
chr17,32040000,32760000,550549,550888
chr17,32720000,33440000,550889,551228
chr17,33400000,34600000,551229,551808
chr17,34560000,36560000,551809,552788
chr17,36520000,36840000,552789,552928
chr17,36800000,38200000,552929,553608
chr17,38160000,40000000,553609,554508
chr17,39960000,40840000,554509,554928
chr17,40800000,41480000,554929,555248
chr17,41440000,42280000,555249,555648
chr17,42240000,43240000,555649,556128
chr17,43200000,44040000,556129,556528
chr17,44000000,44560000,556529,556788
chr17,44520000,44680000,556789,556848
chr17,44640000,45880000,556849,557448
chr17,45840000,47320000,557449,558168
chr17,47280000,48560000,558169,558788
chr17,48520000,49320000,558789,559168
chr17,49280000,51000000,559169,560008
chr17,50960000,53120000,560009,561068
chr17,53080000,55040000,561069,562028
chr17,55000000,56560000,562029,562788
chr17,56520000,57320000,562789,563168
chr17,57280000,58160000,563169,563588
chr17,58120000,58720000,563589,563868
chr17,58680000,59680000,563869,564348
chr17,59640000,60520000,564349,564768
chr17,60480000,61960000,564769,565488
chr17,61920000,62520000,565489,565768
chr17,62480000,62800000,565769,565908
chr17,62760000,64280000,565909,566648
chr17,64240000,65320000,566649,567168
chr17,65280000,66040000,567169,567528
chr17,66000000,67320000,567529,568168
chr17,67280000,68680000,568169,568848
chr17,68640000,70680000,568849,569848
chr17,70640000,71400000,569849,570208
chr17,71360000,72320000,570209,570668
chr17,72280000,72960000,570669,570988
chr17,72920000,73800000,570989,571408
chr17,73760000,74720000,571409,571868
chr17,74680000,76240000,571869,572628
chr17,76200000,77000000,572629,573008
chr17,76960000,77760000,573009,573388
chr17,77720000,81195210,573389,575126
chr18,1,3680000,575127,576946
chr18,3640000,5200000,576947,577706
chr18,5160000,7200000,577707,578706
chr18,7160000,8600000,578707,579406
chr18,8560000,9200000,579407,579706
chr18,9160000,9880000,579707,580046
chr18,9840000,10640000,580047,580426
chr18,10600000,12240000,580427,581226
chr18,12200000,13080000,581227,581646
chr18,13040000,14200000,581647,582206
chr18,14160000,15400000,582207,582806
chr18,15360000,20400000,582807,585306
chr18,20360000,21160000,585307,585686
chr18,21120000,22040000,585687,586126
chr18,22000000,23920000,586127,587066
chr18,23880000,25360000,587067,587786
chr18,25320000,26560000,587787,588386
chr18,26520000,27400000,588387,588806
chr18,27360000,27920000,588807,589066
chr18,27880000,28640000,589067,589426
chr18,28600000,29160000,589427,589686
chr18,29120000,29760000,589687,589986
chr18,29720000,30200000,589987,590206
chr18,30160000,30720000,590207,590466
chr18,30680000,31320000,590467,590766
chr18,31280000,32920000,590767,591566
chr18,32880000,34440000,591567,592326
chr18,34400000,34960000,592327,592586
chr18,34920000,37960000,592587,594086
chr18,37920000,39600000,594087,594906
chr18,39560000,41200000,594907,595706
chr18,41160000,43680000,595707,596946
chr18,43640000,44280000,596947,597246
chr18,44240000,45440000,597247,597826
chr18,45400000,46040000,597827,598126
chr18,46000000,47080000,598127,598646
chr18,47040000,47520000,598647,598866
chr18,47480000,48000000,598867,599106
chr18,47960000,50560000,599107,600386
chr18,50520000,51840000,600387,601026
chr18,51800000,52760000,601027,601486
chr18,52720000,54360000,601487,602286
chr18,54320000,55360000,602287,602786
chr18,55320000,56080000,602787,603146
chr18,56040000,57000000,603147,603606
chr18,56960000,58320000,603607,604266
chr18,58280000,59240000,604267,604726
chr18,59200000,59960000,604727,605086
chr18,59920000,60760000,605087,605486
chr18,60720000,61200000,605487,605706
chr18,61160000,61640000,605707,605926
chr18,61600000,63480000,605927,606846
chr18,63440000,64280000,606847,607246
chr18,64240000,64880000,607247,607546
chr18,64840000,66480000,607547,608346
chr18,66440000,68200000,608347,609206
chr18,68160000,70360000,609207,610286
chr18,70320000,72280000,610287,611246
chr18,72240000,74200000,611247,612206
chr18,74160000,74480000,612207,612346
chr18,74440000,78077248,612347,614165
chr19,1,3640000,614166,615965
chr19,3600000,4480000,615966,616385
chr19,4440000,5760000,616386,617025
chr19,5720000,7120000,617026,617705
chr19,7080000,7640000,617706,617965
chr19,7600000,8040000,617966,618165
chr19,8000000,8600000,618166,618445
chr19,8560000,10560000,618446,619425
chr19,10520000,11000000,619426,619645
chr19,10960000,11360000,619646,619825
chr19,11320000,13160000,619826,620725
chr19,13120000,14240000,620726,621265
chr19,14200000,14640000,621266,621465
chr19,14600000,16800000,621466,622545
chr19,16760000,17480000,622546,622885
chr19,17440000,18160000,622886,623225
chr19,18120000,19160000,623226,623725
chr19,19120000,19600000,623726,623945
chr19,19560000,21480000,623946,624885
chr19,21440000,22040000,624886,625165
chr19,22000000,23360000,625166,625825
chr19,23320000,30240000,625826,629265
chr19,30200000,31160000,629266,629725
chr19,31120000,33200000,629726,630745
chr19,33160000,33640000,630746,630965
chr19,33600000,36600000,630966,632445
chr19,36560000,39040000,632446,633665
chr19,39000000,39520000,633666,633905
chr19,39480000,39920000,633906,634105
chr19,39880000,41080000,634106,634685
chr19,41040000,41840000,634686,635065
chr19,41800000,42400000,635066,635345
chr19,42360000,43000000,635346,635645
chr19,42960000,44280000,635646,636285
chr19,44240000,45920000,636286,637105
chr19,45880000,47240000,637106,637765
chr19,47200000,47880000,637766,638085
chr19,47840000,48360000,638086,638325
chr19,48320000,48880000,638326,638585
chr19,48840000,49080000,638586,638685
chr19,49040000,50200000,638686,639245
chr19,50160000,50720000,639246,639505
chr19,50680000,54800000,639506,641545
chr19,54760000,59128983,641546,643730
chr2,1,3720000,643731,645570
chr2,3680000,4920000,645571,646170
chr2,4880000,5520000,646171,646470
chr2,5480000,7120000,646471,647270
chr2,7080000,9720000,647271,648570
chr2,9680000,10240000,648571,648830
chr2,10200000,10880000,648831,649150
chr2,10840000,11800000,649151,649610
chr2,11760000,13240000,649611,650330
chr2,13200000,15760000,650331,651590
chr2,15720000,16840000,651591,652130
chr2,16800000,18040000,652131,652730
chr2,18000000,18560000,652731,652990
chr2,18520000,20160000,652991,653790
chr2,20120000,20560000,653791,653990
chr2,20520000,20920000,653991,654170
chr2,20880000,21240000,654171,654330
chr2,21200000,22640000,654331,655030
chr2,22600000,24000000,655031,655710
chr2,23960000,25480000,655711,656450
chr2,25440000,26000000,656451,656710
chr2,25960000,27640000,656711,657530
chr2,27600000,29040000,657531,658230
chr2,29000000,30400000,658231,658910
chr2,30360000,30960000,658911,659190
chr2,30920000,32760000,659191,660090
chr2,32720000,33880000,660091,660650
chr2,33840000,35440000,660651,661430
chr2,35400000,36080000,661431,661750
chr2,36040000,37360000,661751,662390
chr2,37320000,38240000,662391,662830
chr2,38200000,39080000,662831,663250
chr2,39040000,40040000,663251,663730
chr2,40000000,42120000,663731,664770
chr2,42080000,42600000,664771,665010
chr2,42560000,43040000,665011,665230
chr2,43000000,43960000,665231,665690
chr2,43920000,45240000,665691,666330
chr2,45200000,45920000,666331,666670
chr2,45880000,46160000,666671,666790
chr2,46120000,47240000,666791,667330
chr2,47200000,47640000,667331,667530
chr2,47600000,48040000,667531,667730
chr2,48000000,48840000,667731,668130
chr2,48800000,50760000,668131,669090
chr2,50720000,52040000,669091,669730
chr2,52000000,54120000,669731,670770
chr2,54080000,55880000,670771,671650
chr2,55840000,56320000,671651,671870
chr2,56280000,57840000,671871,672630
chr2,57800000,59360000,672631,673390
chr2,59320000,61000000,673391,674210
chr2,60960000,61320000,674211,674370
chr2,61280000,62120000,674371,674770
chr2,62080000,63320000,674771,675370
chr2,63280000,63800000,675371,675610
chr2,63760000,64240000,675611,675830
chr2,64200000,65400000,675831,676410
chr2,65360000,65840000,676411,676630
chr2,65800000,66680000,676631,677050
chr2,66640000,68520000,677051,677970
chr2,68480000,69280000,677971,678350
chr2,69240000,69760000,678351,678590
chr2,69720000,70520000,678591,678970
chr2,70480000,71280000,678971,679350
chr2,71240000,71720000,679351,679570
chr2,71680000,72440000,679571,679930
chr2,72400000,73520000,679931,680470
chr2,73480000,74760000,680471,681090
chr2,74720000,75920000,681091,681670
chr2,75880000,77240000,681671,682330
chr2,77200000,79280000,682331,683350
chr2,79240000,80280000,683351,683850
chr2,80240000,81480000,683851,684450
chr2,81440000,82440000,684451,684930
chr2,82400000,85280000,684931,686350
chr2,85240000,85880000,686351,686650
chr2,85840000,87480000,686651,687450
chr2,87440000,88160000,687451,687790
chr2,88120000,91720000,687791,689570
chr2,91680000,96720000,689571,692070
chr2,96680000,97880000,692071,692650
chr2,97840000,99200000,692651,693310
chr2,99160000,99880000,693311,693650
chr2,99840000,101160000,693651,694290
chr2,101120000,101720000,694291,694570
chr2,101680000,103440000,694571,695430
chr2,103400000,104600000,695431,696010
chr2,104560000,105880000,696011,696650
chr2,105840000,107200000,696651,697310
chr2,107160000,109640000,697311,698530
chr2,109600000,111280000,698531,699350
chr2,111240000,112600000,699351,700010
chr2,112560000,114240000,700011,700830
chr2,114200000,115320000,700831,701370
chr2,115280000,116800000,701371,702110
chr2,116760000,117240000,702111,702330
chr2,117200000,118760000,702331,703090
chr2,118720000,120240000,703091,703830
chr2,120200000,121080000,703831,704250
chr2,121040000,121440000,704251,704430
chr2,121400000,121960000,704431,704690
chr2,121920000,122560000,704691,704990
chr2,122520000,124760000,704991,706090
chr2,124720000,125600000,706091,706510
chr2,125560000,126440000,706511,706930
chr2,126400000,127920000,706931,707670
chr2,127880000,128440000,707671,707930
chr2,128400000,131200000,707931,709310
chr2,131160000,131880000,709311,709650
chr2,131840000,134680000,709651,711050
chr2,134640000,135360000,711051,711390
chr2,135320000,135720000,711391,711570
chr2,135680000,136640000,711571,712030
chr2,136600000,137200000,712031,712310
chr2,137160000,138640000,712311,713030
chr2,138600000,139680000,713031,713550
chr2,139640000,141000000,713551,714210
chr2,140960000,141640000,714211,714530
chr2,141600000,143000000,714531,715210
chr2,142960000,143920000,715211,715670
chr2,143880000,146120000,715671,716770
chr2,146080000,147520000,716771,717470
chr2,147480000,148800000,717471,718110
chr2,148760000,149320000,718111,718370
chr2,149280000,149960000,718371,718690
chr2,149920000,150440000,718691,718930
chr2,150400000,152360000,718931,719890
chr2,152320000,152880000,719891,720150
chr2,152840000,153640000,720151,720530
chr2,153600000,154560000,720531,720990
chr2,154520000,155280000,720991,721350
chr2,155240000,156240000,721351,721830
chr2,156200000,158200000,721831,722810
chr2,158160000,158880000,722811,723150
chr2,158840000,159720000,723151,723570
chr2,159680000,160920000,723571,724170
chr2,160880000,162080000,724171,724750
chr2,162040000,163200000,724751,725310
chr2,163160000,163840000,725311,725630
chr2,163800000,165560000,725631,726490
chr2,165520000,167320000,726491,727370
chr2,167280000,169160000,727371,728290
chr2,169120000,169880000,728291,728650
chr2,169840000,171800000,728651,729610
chr2,171760000,172440000,729611,729930
chr2,172400000,173040000,729931,730230
chr2,173000000,173680000,730231,730550
chr2,173640000,175400000,730551,731410
chr2,175360000,176040000,731411,731730
chr2,176000000,177000000,731731,732210
chr2,176960000,177520000,732211,732470
chr2,177480000,178160000,732471,732790
chr2,178120000,178800000,732791,733110
chr2,178760000,179360000,733111,733390
chr2,179320000,180840000,733391,734130
chr2,180800000,182040000,734131,734730
chr2,182000000,183040000,734731,735230
chr2,183000000,183640000,735231,735530
chr2,183600000,184000000,735531,735710
chr2,183960000,184920000,735711,736170
chr2,184880000,185520000,736171,736470
chr2,185480000,186120000,736471,736770
chr2,186080000,186640000,736771,737030
chr2,186600000,187760000,737031,737590
chr2,187720000,188400000,737591,737910
chr2,188360000,190520000,737911,738970
chr2,190480000,191960000,738971,739690
chr2,191920000,192520000,739691,739970
chr2,192480000,193120000,739971,740270
chr2,193080000,193560000,740271,740490
chr2,193520000,194520000,740491,740970
chr2,194480000,196240000,740971,741830
chr2,196200000,197040000,741831,742230
chr2,197000000,197680000,742231,742550
chr2,197640000,198680000,742551,743050
chr2,198640000,199120000,743051,743270
chr2,199080000,200720000,743271,744070
chr2,200680000,201760000,744071,744590
chr2,201720000,202520000,744591,744970
chr2,202480000,203240000,744971,745330
chr2,203200000,204880000,745331,746150
chr2,204840000,206880000,746151,747150
chr2,206840000,208560000,747151,747990
chr2,208520000,209160000,747991,748290
chr2,209120000,210440000,748291,748930
chr2,210400000,211280000,748931,749350
chr2,211240000,211960000,749351,749690
chr2,211920000,212640000,749691,750030
chr2,212600000,213560000,750031,750490
chr2,213520000,214080000,750491,750750
chr2,214040000,216280000,750751,751850
chr2,216240000,217000000,751851,752210
chr2,216960000,219120000,752211,753270
chr2,219080000,220400000,753271,753910
chr2,220360000,222920000,753911,755170
chr2,222880000,223560000,755171,755490
chr2,223520000,224800000,755491,756110
chr2,224760000,225600000,756111,756510
chr2,225560000,226520000,756511,756970
chr2,226480000,228120000,756971,757770
chr2,228080000,228720000,757771,758070
chr2,228680000,229560000,758071,758490
chr2,229520000,230720000,758491,759070
chr2,230680000,231880000,759071,759650
chr2,231840000,232480000,759651,759950
chr2,232440000,233400000,759951,760410
chr2,233360000,234320000,760411,760870
chr2,234280000,234800000,760871,761110
chr2,234760000,235440000,761111,761430
chr2,235400000,236720000,761431,762070
chr2,236680000,237160000,762071,762290
chr2,237120000,238120000,762291,762770
chr2,238080000,239200000,762771,763310
chr2,239160000,243199373,763311,765330
chr20,1,3160000,765331,766890
chr20,3120000,3800000,766891,767210
chr20,3760000,4680000,767211,767650
chr20,4640000,5240000,767651,767930
chr20,5200000,5400000,767931,768010
chr20,5360000,6080000,768011,768350
chr20,6040000,7400000,768351,769010
chr20,7360000,7960000,769011,769290
chr20,7920000,8760000,769291,769690
chr20,8720000,9480000,769691,770050
chr20,9440000,9960000,770051,770290
chr20,9920000,10400000,770291,770510
chr20,10360000,11640000,770511,771130
chr20,11600000,14040000,771131,772330
chr20,14000000,15400000,772331,773010
chr20,15360000,16800000,773011,773710
chr20,16760000,17560000,773711,774090
chr20,17520000,18240000,774091,774430
chr20,18200000,20000000,774431,775310
chr20,19960000,20640000,775311,775630
chr20,20600000,21680000,775631,776150
chr20,21640000,22280000,776151,776450
chr20,22240000,23480000,776451,777050
chr20,23440000,29520000,777051,780070
chr20,29480000,31440000,780071,781030
chr20,31400000,31960000,781031,781290
chr20,31920000,32800000,781291,781710
chr20,32760000,33480000,781711,782050
chr20,33440000,34120000,782051,782370
chr20,34080000,34600000,782371,782610
chr20,34560000,35680000,782611,783150
chr20,35640000,37120000,783151,783870
chr20,37080000,37640000,783871,784130
chr20,37600000,40280000,784131,785450
chr20,40240000,42200000,785451,786410
chr20,42160000,42880000,786411,786750
chr20,42840000,43320000,786751,786970
chr20,43280000,43560000,786971,787090
chr20,43520000,44680000,787091,787650
chr20,44640000,45080000,787651,787850
chr20,45040000,45800000,787851,788210
chr20,45760000,46280000,788211,788450
chr20,46240000,47960000,788451,789290
chr20,47920000,48680000,789291,789650
chr20,48640000,49440000,789651,790030
chr20,49400000,50800000,790031,790710
chr20,50760000,52160000,790711,791390
chr20,52120000,52800000,791391,791710
chr20,52760000,53280000,791711,791950
chr20,53240000,55040000,791951,792830
chr20,55000000,55720000,792831,793170
chr20,55680000,56000000,793171,793310
chr20,55960000,56840000,793311,793730
chr20,56800000,57520000,793731,794070
chr20,57480000,58160000,794071,794390
chr20,58120000,60920000,794391,795770
chr20,60880000,63025520,795771,796843
chr21,1,14480000,796844,804063
chr21,14440000,15520000,804064,804583
chr21,15480000,17280000,804584,805463
chr21,17240000,19080000,805464,806363
chr21,19040000,19640000,806364,806643
chr21,19600000,20880000,806644,807263
chr21,20840000,22400000,807264,808023
chr21,22360000,24400000,808024,809023
chr21,24360000,25360000,809024,809503
chr21,25320000,26960000,809504,810303
chr21,26920000,28160000,810304,810903
chr21,28120000,29120000,810904,811383
chr21,29080000,30360000,811384,812003
chr21,30320000,31760000,812004,812703
chr21,31720000,32560000,812704,813103
chr21,32520000,33080000,813104,813363
chr21,33040000,33720000,813364,813683
chr21,33680000,34040000,813684,813843
chr21,34000000,35000000,813844,814323
chr21,34960000,35840000,814324,814743
chr21,35800000,37640000,814744,815643
chr21,37600000,38360000,815644,816003
chr21,38320000,38960000,816004,816303
chr21,38920000,39840000,816304,816743
chr21,39800000,40760000,816744,817203
chr21,40720000,42960000,817204,818303
chr21,42920000,44000000,818304,818823
chr21,43960000,45240000,818824,819443
chr21,45200000,45600000,819444,819623
chr21,45560000,48129895,819624,820908
chr22,1,18920000,820909,830348
chr22,18880000,20160000,830349,830968
chr22,20120000,20880000,830969,831328
chr22,20840000,21560000,831329,831668
chr22,21520000,22000000,831669,831888
chr22,21960000,24160000,831889,832968
chr22,24120000,25040000,832969,833408
chr22,25000000,26920000,833409,834348
chr22,26880000,28360000,834349,835068
chr22,28320000,29720000,835069,835748
chr22,29680000,30960000,835749,836368
chr22,30920000,31840000,836369,836808
chr22,31800000,32400000,836809,837088
chr22,32360000,33680000,837089,837728
chr22,33640000,34840000,837729,838308
chr22,34800000,35720000,838309,838748
chr22,35680000,36880000,838749,839328
chr22,36840000,38160000,839329,839968
chr22,38120000,39120000,839969,840448
chr22,39080000,39680000,840449,840728
chr22,39640000,40800000,840729,841288
chr22,40760000,41960000,841289,841868
chr22,41920000,43000000,841869,842388
chr22,42960000,43600000,842389,842688
chr22,43560000,44320000,842689,843048
chr22,44280000,45200000,843049,843488
chr22,45160000,45560000,843489,843668
chr22,45520000,47080000,843669,844428
chr22,47040000,51304566,844429,846561
chr3,1,3200000,846562,848141
chr3,3160000,4440000,848142,848761
chr3,4400000,5280000,848762,849181
chr3,5240000,7120000,849182,850101
chr3,7080000,8920000,850102,851001
chr3,8880000,9520000,851002,851301
chr3,9480000,9880000,851302,851481
chr3,9840000,10320000,851482,851701
chr3,10280000,10800000,851702,851941
chr3,10760000,11960000,851942,852521
chr3,11920000,12960000,852522,853021
chr3,12920000,13640000,853022,853361
chr3,13600000,14240000,853362,853661
chr3,14200000,14720000,853662,853901
chr3,14680000,15120000,853902,854101
chr3,15080000,16320000,854102,854701
chr3,16280000,17360000,854702,855221
chr3,17320000,17880000,855222,855481
chr3,17840000,18560000,855482,855821
chr3,18520000,19080000,855822,856081
chr3,19040000,20240000,856082,856661
chr3,20200000,22160000,856662,857621
chr3,22120000,23040000,857622,858061
chr3,23000000,24080000,858062,858581
chr3,24040000,24760000,858582,858921
chr3,24720000,25760000,858922,859421
chr3,25720000,26000000,859422,859541
chr3,25960000,27360000,859542,860221
chr3,27320000,28480000,860222,860781
chr3,28440000,30120000,860782,861601
chr3,30080000,30920000,861602,862001
chr3,30880000,31800000,862002,862441
chr3,31760000,32520000,862442,862801
chr3,32480000,33120000,862802,863101
chr3,33080000,33520000,863102,863301
chr3,33480000,33880000,863302,863481
chr3,33840000,36080000,863482,864581
chr3,36040000,37000000,864582,865041
chr3,36960000,38080000,865042,865581
chr3,38040000,39440000,865582,866261
chr3,39400000,40320000,866262,866701
chr3,40280000,42840000,866702,867961
chr3,42800000,44520000,867962,868801
chr3,44480000,45000000,868802,869041
chr3,44960000,47000000,869042,870041
chr3,46960000,47520000,870042,870301
chr3,47480000,47880000,870302,870481
chr3,47840000,48720000,870482,870901
chr3,48680000,49160000,870902,871121
chr3,49120000,50320000,871122,871701
chr3,50280000,52080000,871702,872581
chr3,52040000,52520000,872582,872801
chr3,52480000,53920000,872802,873501
chr3,53880000,55560000,873502,874321
chr3,55520000,56680000,874322,874881
chr3,56640000,58320000,874882,875701
chr3,58280000,60000000,875702,876541
chr3,59960000,61520000,876542,877301
chr3,61480000,62520000,877302,877801
chr3,62480000,63360000,877802,878221
chr3,63320000,63960000,878222,878521
chr3,63920000,64480000,878522,878781
chr3,64440000,65440000,878782,879261
chr3,65400000,66320000,879262,879701
chr3,66280000,67000000,879702,880041
chr3,66960000,69120000,880042,881101
chr3,69080000,70000000,881102,881541
chr3,69960000,71840000,881542,882461
chr3,71800000,73200000,882462,883141
chr3,73160000,75640000,883142,884361
chr3,75600000,77360000,884362,885221
chr3,77320000,78760000,885222,885921
chr3,78720000,79600000,885922,886341
chr3,79560000,80840000,886342,886961
chr3,80800000,81400000,886962,887241
chr3,81360000,82760000,887242,887921
chr3,82720000,84080000,887922,888581
chr3,84040000,85800000,888582,889441
chr3,85760000,86800000,889442,889941
chr3,86760000,87280000,889942,890181
chr3,87240000,88200000,890182,890641
chr3,88160000,96560000,890642,894821
chr3,96520000,97800000,894822,895441
chr3,97760000,98280000,895442,895681
chr3,98240000,99600000,895682,896341
chr3,99560000,100080000,896342,896581
chr3,100040000,100480000,896582,896781
chr3,100440000,101480000,896782,897281
chr3,101440000,102280000,897282,897681
chr3,102240000,103720000,897682,898401
chr3,103680000,105280000,898402,899181
chr3,105240000,106960000,899182,900021
chr3,106920000,107560000,900022,900321
chr3,107520000,108320000,900322,900701
chr3,108280000,108960000,900702,901021
chr3,108920000,111400000,901022,902241
chr3,111360000,111800000,902242,902441
chr3,111760000,112360000,902442,902721
chr3,112320000,112840000,902722,902961
chr3,112800000,113680000,902962,903381
chr3,113640000,115680000,903382,904381
chr3,115640000,116400000,904382,904741
chr3,116360000,117320000,904742,905201
chr3,117280000,118920000,905202,906001
chr3,118880000,119440000,906002,906261
chr3,119400000,120000000,906262,906541
chr3,119960000,121240000,906542,907161
chr3,121200000,122160000,907162,907621
chr3,122120000,123360000,907622,908221
chr3,123320000,124520000,908222,908801
chr3,124480000,125520000,908802,909301
chr3,125480000,127400000,909302,910241
chr3,127360000,127760000,910242,910421
chr3,127720000,129080000,910422,911081
chr3,129040000,129840000,911082,911461
chr3,129800000,132320000,911462,912701
chr3,132280000,133560000,912702,913321
chr3,133520000,134320000,913322,913701
chr3,134280000,135720000,913702,914401
chr3,135680000,136800000,914402,914941
chr3,136760000,137920000,914942,915501
chr3,137880000,139120000,915502,916101
chr3,139080000,141040000,916102,917061
chr3,141000000,142120000,917062,917601
chr3,142080000,142800000,917602,917941
chr3,142760000,143520000,917942,918301
chr3,143480000,144560000,918302,918821
chr3,144520000,145920000,918822,919501
chr3,145880000,146440000,919502,919761
chr3,146400000,148680000,919762,920881
chr3,148640000,149200000,920882,921141
chr3,149160000,149600000,921142,921341
chr3,149560000,150520000,921342,921801
chr3,150480000,150920000,921802,922001
chr3,150880000,151680000,922002,922381
chr3,151640000,152240000,922382,922661
chr3,152200000,152720000,922662,922901
chr3,152680000,154040000,922902,923561
chr3,154000000,155160000,923562,924121
chr3,155120000,155680000,924122,924381
chr3,155640000,156280000,924382,924681
chr3,156240000,157160000,924682,925121
chr3,157120000,158480000,925122,925781
chr3,158440000,159000000,925782,926041
chr3,158960000,159800000,926042,926441
chr3,159760000,160200000,926442,926641
chr3,160160000,161200000,926642,927141
chr3,161160000,163440000,927142,928261
chr3,163400000,165000000,928262,929041
chr3,164960000,167120000,929042,930101
chr3,167080000,167680000,930102,930381
chr3,167640000,168760000,930382,930921
chr3,168720000,169640000,930922,931361
chr3,169600000,170640000,931362,931861
chr3,170600000,171440000,931862,932261
chr3,171400000,172480000,932262,932781
chr3,172440000,173800000,932782,933441
chr3,173760000,176280000,933442,934681
chr3,176240000,178200000,934682,935641
chr3,178160000,178800000,935642,935941
chr3,178760000,179400000,935942,936241
chr3,179360000,180440000,936242,936761
chr3,180400000,182680000,936762,937881
chr3,182640000,183160000,937882,938121
chr3,183120000,183680000,938122,938381
chr3,183640000,184080000,938382,938581
chr3,184040000,184520000,938582,938801
chr3,184480000,185280000,938802,939181
chr3,185240000,186600000,939182,939841
chr3,186560000,186880000,939842,939981
chr3,186840000,187480000,939982,940281
chr3,187440000,188920000,940282,941001
chr3,188880000,189640000,941002,941361
chr3,189600000,190480000,941362,941781
chr3,190440000,192240000,941782,942661
chr3,192200000,193440000,942662,943261
chr3,193400000,194320000,943262,943701
chr3,194280000,195440000,943702,944261
chr3,195400000,195720000,944262,944401
chr3,195680000,198022430,944402,945573
chr4,1,3080000,945574,947093
chr4,3040000,3600000,947094,947353
chr4,3560000,4200000,947354,947653
chr4,4160000,6600000,947654,948853
chr4,6560000,7160000,948854,949133
chr4,7120000,8960000,949134,950033
chr4,8920000,9440000,950034,950273
chr4,9400000,10040000,950274,950573
chr4,10000000,11800000,950574,951453
chr4,11760000,12760000,951454,951933
chr4,12720000,13640000,951934,952373
chr4,13600000,15680000,952374,953393
chr4,15640000,16240000,953394,953673
chr4,16200000,17600000,953674,954353
chr4,17560000,18640000,954354,954873
chr4,18600000,20760000,954874,955933
chr4,20720000,21560000,955934,956333
chr4,21520000,22920000,956334,957013
chr4,22880000,24560000,957014,957833
chr4,24520000,25440000,957834,958273
chr4,25400000,25840000,958274,958473
chr4,25800000,26480000,958474,958793
chr4,26440000,27080000,958794,959093
chr4,27040000,27640000,959094,959373
chr4,27600000,29360000,959374,960233
chr4,29320000,29840000,960234,960473
chr4,29800000,30680000,960474,960893
chr4,30640000,31800000,960894,961453
chr4,31760000,32320000,961454,961713
chr4,32280000,33000000,961714,962053
chr4,32960000,34920000,962054,963013
chr4,34880000,36320000,963014,963713
chr4,36280000,37560000,963714,964333
chr4,37520000,39440000,964334,965273
chr4,39400000,40040000,965274,965573
chr4,40000000,40840000,965574,965973
chr4,40800000,41280000,965974,966193
chr4,41240000,42000000,966194,966553
chr4,41960000,42640000,966554,966873
chr4,42600000,44720000,966874,967913
chr4,44680000,46840000,967914,968973
chr4,46800000,47640000,968974,969373
chr4,47600000,49560000,969374,970333
chr4,49520000,53920000,970334,972513
chr4,53880000,55240000,972514,973173
chr4,55200000,55800000,973174,973453
chr4,55760000,56360000,973454,973733
chr4,56320000,56840000,973734,973973
chr4,56800000,57440000,973974,974273
chr4,57400000,57880000,974274,974493
chr4,57840000,59320000,974494,975213
chr4,59280000,60000000,975214,975553
chr4,59960000,61600000,975554,976353
chr4,61560000,63640000,976354,977373
chr4,63600000,65520000,977374,978313
chr4,65480000,67120000,978314,979113
chr4,67080000,68480000,979114,979793
chr4,68440000,70640000,979794,980873
chr4,70600000,71480000,980874,981293
chr4,71440000,72560000,981294,981833
chr4,72520000,73400000,981834,982253
chr4,73360000,74000000,982254,982553
chr4,73960000,75160000,982554,983133
chr4,75120000,75720000,983134,983413
chr4,75680000,76600000,983414,983853
chr4,76560000,78280000,983854,984693
chr4,78240000,79880000,984694,985493
chr4,79840000,81200000,985494,986153
chr4,81160000,82320000,986154,986713
chr4,82280000,83360000,986714,987233
chr4,83320000,83800000,987234,987453
chr4,83760000,84320000,987454,987713
chr4,84280000,85600000,987714,988353
chr4,85560000,85960000,988354,988533
chr4,85920000,87160000,988534,989133
chr4,87120000,88200000,989134,989653
chr4,88160000,89560000,989654,990333
chr4,89520000,90080000,990334,990593
chr4,90040000,91200000,990594,991153
chr4,91160000,92000000,991154,991553
chr4,91960000,93240000,991554,992173
chr4,93200000,94720000,992174,992913
chr4,94680000,95240000,992914,993173
chr4,95200000,96080000,993174,993593
chr4,96040000,97440000,993594,994273
chr4,97400000,99040000,994274,995073
chr4,99000000,100520000,995074,995813
chr4,100480000,100920000,995814,996013
chr4,100880000,103360000,996014,997233
chr4,103320000,104040000,997234,997573
chr4,104000000,104920000,997574,998013
chr4,104880000,106560000,998014,998833
chr4,106520000,107240000,998834,999173
chr4,107200000,107840000,999174,999473
chr4,107800000,108920000,999474,1000013
chr4,108880000,109600000,1000014,1000353
chr4,109560000,110400000,1000354,1000753
chr4,110360000,110920000,1000754,1001013
chr4,110880000,111480000,1001014,1001293
chr4,111440000,113080000,1001294,1002093
chr4,113040000,114240000,1002094,1002673
chr4,114200000,115720000,1002674,1003413
chr4,115680000,117200000,1003414,1004153
chr4,117160000,117840000,1004154,1004473
chr4,117800000,119360000,1004474,1005233
chr4,119320000,120440000,1005234,1005773
chr4,120400000,121000000,1005774,1006053
chr4,120960000,122760000,1006054,1006933
chr4,122720000,123520000,1006934,1007313
chr4,123480000,123920000,1007314,1007513
chr4,123880000,124720000,1007514,1007913
chr4,124680000,125240000,1007914,1008173
chr4,125200000,126320000,1008174,1008713
chr4,126280000,126920000,1008714,1009013
chr4,126880000,127440000,1009014,1009273
chr4,127400000,128840000,1009274,1009973
chr4,128800000,130160000,1009974,1010633
chr4,130120000,132040000,1010634,1011573
chr4,132000000,132600000,1011574,1011853
chr4,132560000,133680000,1011854,1012393
chr4,133640000,134800000,1012394,1012953
chr4,134760000,135920000,1012954,1013513
chr4,135880000,136360000,1013514,1013733
chr4,136320000,138000000,1013734,1014553
chr4,137960000,138640000,1014554,1014873
chr4,138600000,140000000,1014874,1015553
chr4,139960000,140400000,1015554,1015753
chr4,140360000,141400000,1015754,1016253
chr4,141360000,141840000,1016254,1016473
chr4,141800000,144560000,1016474,1017833
chr4,144520000,145000000,1017834,1018053
chr4,144960000,146080000,1018054,1018593
chr4,146040000,146560000,1018594,1018833
chr4,146520000,147120000,1018834,1019113
chr4,147080000,148080000,1019114,1019593
chr4,148040000,148600000,1019594,1019853
chr4,148560000,148840000,1019854,1019973
chr4,148800000,150360000,1019974,1020733
chr4,150320000,150960000,1020734,1021033
chr4,150920000,152000000,1021034,1021553
chr4,151960000,153400000,1021554,1022253
chr4,153360000,153760000,1022254,1022433
chr4,153720000,154200000,1022434,1022653
chr4,154160000,154680000,1022654,1022893
chr4,154640000,155440000,1022894,1023273
chr4,155400000,156360000,1023274,1023733
chr4,156320000,156800000,1023734,1023953
chr4,156760000,158200000,1023954,1024653
chr4,158160000,159200000,1024654,1025153
chr4,159160000,159560000,1025154,1025333
chr4,159520000,160400000,1025334,1025753
chr4,160360000,162160000,1025754,1026633
chr4,162120000,163400000,1026634,1027253
chr4,163360000,164480000,1027254,1027793
chr4,164440000,166040000,1027794,1028573
chr4,166000000,167080000,1028574,1029093
chr4,167040000,167640000,1029094,1029373
chr4,167600000,169160000,1029374,1030133
chr4,169120000,169920000,1030134,1030513
chr4,169880000,170680000,1030514,1030893
chr4,170640000,171040000,1030894,1031073
chr4,171000000,172720000,1031074,1031913
chr4,172680000,173200000,1031914,1032153
chr4,173160000,173880000,1032154,1032493
chr4,173840000,174400000,1032494,1032753
chr4,174360000,175240000,1032754,1033173
chr4,175200000,175680000,1033174,1033393
chr4,175640000,176560000,1033394,1033833
chr4,176520000,176920000,1033834,1034013
chr4,176880000,177320000,1034014,1034213
chr4,177280000,178120000,1034214,1034613
chr4,178080000,179440000,1034614,1035273
chr4,179400000,181720000,1035274,1036413
chr4,181680000,183880000,1036414,1037493
chr4,183840000,184480000,1037494,1037793
chr4,184440000,185120000,1037794,1038113
chr4,185080000,185840000,1038114,1038473
chr4,185800000,187160000,1038474,1039133
chr4,187120000,188520000,1039134,1039813
chr4,188480000,191154276,1039814,1041151
chr5,1,1640000,1041152,1041951
chr5,1600000,3480000,1041952,1042871
chr5,3440000,4840000,1042872,1043551
chr5,4800000,5480000,1043552,1043871
chr5,5440000,6720000,1043872,1044491
chr5,6680000,7960000,1044492,1045111
chr5,7920000,10360000,1045112,1046311
chr5,10320000,12000000,1046312,1047131
chr5,11960000,12760000,1047132,1047511
chr5,12720000,14000000,1047512,1048131
chr5,13960000,14760000,1048132,1048511
chr5,14720000,15080000,1048512,1048671
chr5,15040000,16600000,1048672,1049431
chr5,16560000,17280000,1049432,1049771
chr5,17240000,18360000,1049772,1050311
chr5,18320000,19560000,1050312,1050911
chr5,19520000,20640000,1050912,1051451
chr5,20600000,21800000,1051452,1052031
chr5,21760000,23280000,1052032,1052771
chr5,23240000,23920000,1052772,1053091
chr5,23880000,26080000,1053092,1054171
chr5,26040000,26760000,1054172,1054511
chr5,26720000,28880000,1054512,1055571
chr5,28840000,29920000,1055572,1056091
chr5,29880000,31480000,1056092,1056871
chr5,31440000,32280000,1056872,1057271
chr5,32240000,33480000,1057272,1057871
chr5,33440000,34160000,1057872,1058211
chr5,34120000,35000000,1058212,1058631
chr5,34960000,36120000,1058632,1059191
chr5,36080000,37360000,1059192,1059811
chr5,37320000,38360000,1059812,1060311
chr5,38320000,39040000,1060312,1060651
chr5,39000000,40880000,1060652,1061571
chr5,40840000,41760000,1061572,1062011
chr5,41720000,43080000,1062012,1062671
chr5,43040000,43520000,1062672,1062891
chr5,43480000,44840000,1062892,1063551
chr5,44800000,49560000,1063552,1065911
chr5,49520000,52400000,1065912,1067331
chr5,52360000,53880000,1067332,1068071
chr5,53840000,54560000,1068072,1068411
chr5,54520000,55080000,1068412,1068671
chr5,55040000,56600000,1068672,1069431
chr5,56560000,58320000,1069432,1070291
chr5,58280000,59120000,1070292,1070691
chr5,59080000,59960000,1070692,1071111
chr5,59920000,61680000,1071112,1071971
chr5,61640000,63480000,1071972,1072871
chr5,63440000,64000000,1072872,1073131
chr5,63960000,65040000,1073132,1073651
chr5,65000000,65440000,1073652,1073851
chr5,65400000,66200000,1073852,1074231
chr5,66160000,66480000,1074232,1074371
chr5,66440000,69120000,1074372,1075691
chr5,69080000,70000000,1075692,1076131
chr5,69960000,71600000,1076132,1076931
chr5,71560000,72320000,1076932,1077291
chr5,72280000,72880000,1077292,1077571
chr5,72840000,74720000,1077572,1078491
chr5,74680000,76400000,1078492,1079331
chr5,76360000,76800000,1079332,1079531
chr5,76760000,77680000,1079532,1079971
chr5,77640000,78280000,1079972,1080271
chr5,78240000,79360000,1080272,1080811
chr5,79320000,79880000,1080812,1081071
chr5,79840000,80600000,1081072,1081431
chr5,80560000,81600000,1081432,1081931
chr5,81560000,83000000,1081932,1082631
chr5,82960000,84520000,1082632,1083391
chr5,84480000,85720000,1083392,1083991
chr5,85680000,86720000,1083992,1084491
chr5,86680000,88080000,1084492,1085171
chr5,88040000,89760000,1085172,1086011
chr5,89720000,90160000,1086012,1086211
chr5,90120000,90800000,1086212,1086531
chr5,90760000,92120000,1086532,1087191
chr5,92080000,93120000,1087192,1087691
chr5,93080000,94320000,1087692,1088291
chr5,94280000,95000000,1088292,1088631
chr5,94960000,96120000,1088632,1089191
chr5,96080000,96560000,1089192,1089411
chr5,96520000,98400000,1089412,1090331
chr5,98360000,99720000,1090332,1090991
chr5,99680000,101680000,1090992,1091971
chr5,101640000,102880000,1091972,1092571
chr5,102840000,103600000,1092572,1092931
chr5,103560000,104240000,1092932,1093251
chr5,104200000,105640000,1093252,1093951
chr5,105600000,107720000,1093952,1094991
chr5,107680000,110120000,1094992,1096191
chr5,110080000,110840000,1096192,1096551
chr5,110800000,111640000,1096552,1096951
chr5,111600000,111880000,1096952,1097071
chr5,111840000,112320000,1097072,1097291
chr5,112280000,112960000,1097292,1097611
chr5,112920000,114640000,1097612,1098451
chr5,114600000,114960000,1098452,1098611
chr5,114920000,115480000,1098612,1098871
chr5,115440000,116840000,1098872,1099551
chr5,116800000,118240000,1099552,1100251
chr5,118200000,118840000,1100252,1100551
chr5,118800000,120000000,1100552,1101131
chr5,119960000,121480000,1101132,1101871
chr5,121440000,122960000,1101872,1102611
chr5,122920000,126000000,1102612,1104131
chr5,125960000,126880000,1104132,1104571
chr5,126840000,128560000,1104572,1105411
chr5,128520000,129200000,1105412,1105731
chr5,129160000,130800000,1105732,1106531
chr5,130760000,131600000,1106532,1106931
chr5,131560000,132240000,1106932,1107251
chr5,132200000,133480000,1107252,1107871
chr5,133440000,134280000,1107872,1108271
chr5,134240000,134680000,1108272,1108471
chr5,134640000,137840000,1108472,1110051
chr5,137800000,138800000,1110052,1110531
chr5,138760000,139680000,1110532,1110971
chr5,139640000,140120000,1110972,1111191
chr5,140080000,141040000,1111192,1111651
chr5,141000000,141400000,1111652,1111831
chr5,141360000,142280000,1111832,1112271
chr5,142240000,143560000,1112272,1112911
chr5,143520000,145520000,1112912,1113891
chr5,145480000,147160000,1113892,1114711
chr5,147120000,149040000,1114712,1115651
chr5,149000000,149480000,1115652,1115871
chr5,149440000,149840000,1115872,1116051
chr5,149800000,150520000,1116052,1116391
chr5,150480000,151160000,1116392,1116711
chr5,151120000,151840000,1116712,1117051
chr5,151800000,153440000,1117052,1117851
chr5,153400000,154400000,1117852,1118331
chr5,154360000,156720000,1118332,1119491
chr5,156680000,158720000,1119492,1120491
chr5,158680000,159920000,1120492,1121091
chr5,159880000,161280000,1121092,1121771
chr5,161240000,162960000,1121772,1122611
chr5,162920000,164040000,1122612,1123151
chr5,164000000,165080000,1123152,1123671
chr5,165040000,166560000,1123672,1124411
chr5,166520000,167160000,1124412,1124711
chr5,167120000,167960000,1124712,1125111
chr5,167920000,169120000,1125112,1125691
chr5,169080000,170000000,1125692,1126131
chr5,169960000,170840000,1126132,1126551
chr5,170800000,171840000,1126552,1127051
chr5,171800000,173800000,1127052,1128031
chr5,173760000,174320000,1128032,1128291
chr5,174280000,176000000,1128292,1129131
chr5,175960000,177000000,1129132,1129631
chr5,176960000,177520000,1129632,1129891
chr5,177480000,180915260,1129892,1131609
chr6,1,2880000,1131610,1133029
chr6,2840000,4120000,1133030,1133649
chr6,4080000,5120000,1133650,1134149
chr6,5080000,5400000,1134150,1134289
chr6,5360000,6080000,1134290,1134629
chr6,6040000,6680000,1134630,1134929
chr6,6640000,7360000,1134930,1135269
chr6,7320000,8080000,1135270,1135629
chr6,8040000,10560000,1135630,1136869
chr6,10520000,10840000,1136870,1137009
chr6,10800000,11560000,1137010,1137369
chr6,11520000,13360000,1137370,1138269
chr6,13320000,13720000,1138270,1138449
chr6,13680000,15680000,1138450,1139429
chr6,15640000,16320000,1139430,1139749
chr6,16280000,17160000,1139750,1140169
chr6,17120000,18320000,1140170,1140749
chr6,18280000,20200000,1140750,1141689
chr6,20160000,22200000,1141690,1142689
chr6,22160000,24480000,1142690,1143829
chr6,24440000,25120000,1143830,1144149
chr6,25080000,26160000,1144150,1144669
chr6,26120000,27120000,1144670,1145149
chr6,27080000,27840000,1145150,1145509
chr6,27800000,29040000,1145510,1146109
chr6,29000000,30520000,1146110,1146849
chr6,30480000,31600000,1146850,1147389
chr6,31560000,33400000,1147390,1148289
chr6,33360000,35360000,1148290,1149269
chr6,35320000,36760000,1149270,1149969
chr6,36720000,37320000,1149970,1150249
chr6,37280000,39000000,1150250,1151089
chr6,38960000,39800000,1151090,1151489
chr6,39760000,41240000,1151490,1152209
chr6,41200000,41720000,1152210,1152449
chr6,41680000,42120000,1152450,1152649
chr6,42080000,43520000,1152650,1153349
chr6,43480000,44320000,1153350,1153749
chr6,44280000,46000000,1153750,1154589
chr6,45960000,47360000,1154590,1155269
chr6,47320000,49600000,1155270,1156389
chr6,49560000,50080000,1156390,1156629
chr6,50040000,50640000,1156630,1156909
chr6,50600000,52160000,1156910,1157669
chr6,52120000,52640000,1157670,1157909
chr6,52600000,52920000,1157910,1158049
chr6,52880000,53640000,1158050,1158409
chr6,53600000,54520000,1158410,1158849
chr6,54480000,55160000,1158850,1159169
chr6,55120000,56240000,1159170,1159709
chr6,56200000,57440000,1159710,1160309
chr6,57400000,58720000,1160310,1160949
chr6,58680000,64120000,1160950,1163649
chr6,64080000,64600000,1163650,1163889
chr6,64560000,67680000,1163890,1165429
chr6,67640000,69280000,1165430,1166229
chr6,69240000,70960000,1166230,1167069
chr6,70920000,71800000,1167070,1167489
chr6,71760000,72160000,1167490,1167669
chr6,72120000,73120000,1167670,1168149
chr6,73080000,74360000,1168150,1168769
chr6,74320000,76040000,1168770,1169609
chr6,76000000,76440000,1169610,1169809
chr6,76400000,78240000,1169810,1170709
chr6,78200000,79600000,1170710,1171389
chr6,79560000,80760000,1171390,1171969
chr6,80720000,82880000,1171970,1173029
chr6,82840000,83920000,1173030,1173549
chr6,83880000,84320000,1173550,1173749
chr6,84280000,85000000,1173750,1174089
chr6,84960000,86360000,1174090,1174769
chr6,86320000,87760000,1174770,1175469
chr6,87720000,89720000,1175470,1176449
chr6,89680000,90080000,1176450,1176629
chr6,90040000,90600000,1176630,1176889
chr6,90560000,91240000,1176890,1177209
chr6,91200000,93520000,1177210,1178349
chr6,93480000,94160000,1178350,1178669
chr6,94120000,95800000,1178670,1179489
chr6,95760000,97560000,1179490,1180369
chr6,97520000,99840000,1180370,1181509
chr6,99800000,101160000,1181510,1182169
chr6,101120000,101720000,1182170,1182449
chr6,101680000,103240000,1182450,1183209
chr6,103200000,103640000,1183210,1183409
chr6,103600000,105160000,1183410,1184169
chr6,105120000,106840000,1184170,1185009
chr6,106800000,107440000,1185010,1185309
chr6,107400000,108240000,1185310,1185709
chr6,108200000,108840000,1185710,1186009
chr6,108800000,109600000,1186010,1186389
chr6,109560000,110880000,1186390,1187029
chr6,110840000,111440000,1187030,1187309
chr6,111400000,112000000,1187310,1187589
chr6,111960000,112520000,1187590,1187849
chr6,112480000,114320000,1187850,1188749
chr6,114280000,116480000,1188750,1189829
chr6,116440000,117080000,1189830,1190129
chr6,117040000,117640000,1190130,1190409
chr6,117600000,119280000,1190410,1191229
chr6,119240000,120720000,1191230,1191949
chr6,120680000,121360000,1191950,1192269
chr6,121320000,122800000,1192270,1192989
chr6,122760000,123680000,1192990,1193429
chr6,123640000,125280000,1193430,1194229
chr6,125240000,125520000,1194230,1194349
chr6,125480000,126400000,1194350,1194789
chr6,126360000,127640000,1194790,1195409
chr6,127600000,127920000,1195410,1195549
chr6,127880000,129880000,1195550,1196529
chr6,129840000,130400000,1196530,1196789
chr6,130360000,131160000,1196790,1197169
chr6,131120000,132240000,1197170,1197709
chr6,132200000,132560000,1197710,1197869
chr6,132520000,133160000,1197870,1198169
chr6,133120000,134400000,1198170,1198789
chr6,134360000,135360000,1198790,1199269
chr6,135320000,135800000,1199270,1199489
chr6,135760000,136720000,1199490,1199949
chr6,136680000,138400000,1199950,1200789
chr6,138360000,139160000,1200790,1201169
chr6,139120000,142080000,1201170,1202629
chr6,142040000,142640000,1202630,1202909
chr6,142600000,143880000,1202910,1203529
chr6,143840000,144360000,1203530,1203769
chr6,144320000,144840000,1203770,1204009
chr6,144800000,146120000,1204010,1204649
chr6,146080000,147160000,1204650,1205169
chr6,147120000,147720000,1205170,1205449
chr6,147680000,148880000,1205450,1206029
chr6,148840000,150240000,1206030,1206709
chr6,150200000,151280000,1206710,1207229
chr6,151240000,151800000,1207230,1207489
chr6,151760000,153280000,1207490,1208229
chr6,153240000,155000000,1208230,1209089
chr6,154960000,155640000,1209090,1209409
chr6,155600000,157640000,1209410,1210409
chr6,157600000,158600000,1210410,1210889
chr6,158560000,159120000,1210890,1211149
chr6,159080000,159560000,1211150,1211369
chr6,159520000,160160000,1211370,1211669
chr6,160120000,161120000,1211670,1212149
chr6,161080000,161840000,1212150,1212509
chr6,161800000,163200000,1212510,1213189
chr6,163160000,164520000,1213190,1213849
chr6,164480000,165840000,1213850,1214509
chr6,165800000,166680000,1214510,1214929
chr6,166640000,168600000,1214930,1215889
chr6,168560000,171115067,1215890,1217167
chr7,1,5280000,1217168,1219787
chr7,5240000,5920000,1219788,1220107
chr7,5880000,6560000,1220108,1220427
chr7,6520000,7640000,1220428,1220967
chr7,7600000,8440000,1220968,1221367
chr7,8400000,9760000,1221368,1222027
chr7,9720000,11440000,1222028,1222867
chr7,11400000,12640000,1222868,1223467
chr7,12600000,13360000,1223468,1223827
chr7,13320000,14760000,1223828,1224527
chr7,14720000,16240000,1224528,1225267
chr7,16200000,16840000,1225268,1225567
chr7,16800000,17720000,1225568,1226007
chr7,17680000,18320000,1226008,1226307
chr7,18280000,18720000,1226308,1226507
chr7,18680000,19720000,1226508,1227007
chr7,19680000,20720000,1227008,1227507
chr7,20680000,22120000,1227508,1228207
chr7,22080000,22600000,1228208,1228447
chr7,22560000,23360000,1228448,1228827
chr7,23320000,25280000,1228828,1229787
chr7,25240000,25880000,1229788,1230087
chr7,25840000,26800000,1230088,1230547
chr7,26760000,27240000,1230548,1230767
chr7,27200000,28240000,1230768,1231267
chr7,28200000,28960000,1231268,1231627
chr7,28920000,30160000,1231628,1232227
chr7,30120000,30760000,1232228,1232527
chr7,30720000,31840000,1232528,1233067
chr7,31800000,32680000,1233068,1233487
chr7,32640000,34120000,1233488,1234207
chr7,34080000,35200000,1234208,1234747
chr7,35160000,35960000,1234748,1235127
chr7,35920000,36440000,1235128,1235367
chr7,36400000,37320000,1235368,1235807
chr7,37280000,38040000,1235808,1236167
chr7,38000000,38440000,1236168,1236367
chr7,38400000,40200000,1236368,1237247
chr7,40160000,41920000,1237248,1238107
chr7,41880000,43000000,1238108,1238647
chr7,42960000,44120000,1238648,1239207
chr7,44080000,45120000,1239208,1239707
chr7,45080000,45800000,1239708,1240047
chr7,45760000,47320000,1240048,1240807
chr7,47280000,48000000,1240808,1241147
chr7,47960000,50120000,1241148,1242207
chr7,50080000,51480000,1242208,1242887
chr7,51440000,53040000,1242888,1243667
chr7,53000000,54920000,1243668,1244607
chr7,54880000,56240000,1244608,1245267
chr7,56200000,61160000,1245268,1247727
chr7,61120000,61960000,1247728,1248127
chr7,61920000,64560000,1248128,1249427
chr7,64520000,65200000,1249428,1249747
chr7,65160000,66720000,1249748,1250507
chr7,66680000,68720000,1250508,1251507
chr7,68680000,69720000,1251508,1252007
chr7,69680000,70280000,1252008,1252287
chr7,70240000,71320000,1252288,1252807
chr7,71280000,72600000,1252808,1253447
chr7,72560000,74280000,1253448,1254287
chr7,74240000,75040000,1254288,1254667
chr7,75000000,76040000,1254668,1255167
chr7,76000000,78960000,1255168,1256627
chr7,78920000,79680000,1256628,1256987
chr7,79640000,80160000,1256988,1257227
chr7,80120000,81120000,1257228,1257707
chr7,81080000,81680000,1257708,1257987
chr7,81640000,82480000,1257988,1258387
chr7,82440000,83040000,1258388,1258667
chr7,83000000,83480000,1258668,1258887
chr7,83440000,84760000,1258888,1259527
chr7,84720000,85520000,1259528,1259907
chr7,85480000,86960000,1259908,1260627
chr7,86920000,87840000,1260628,1261067
chr7,87800000,90000000,1261068,1262147
chr7,89960000,90720000,1262148,1262507
chr7,90680000,91720000,1262508,1263007
chr7,91680000,92160000,1263008,1263227
chr7,92120000,92760000,1263228,1263527
chr7,92720000,94040000,1263528,1264167
chr7,94000000,95400000,1264168,1264847
chr7,95360000,96800000,1264848,1265547
chr7,96760000,97960000,1265548,1266127
chr7,97920000,98480000,1266128,1266387
chr7,98440000,99120000,1266388,1266707
chr7,99080000,100480000,1266708,1267387
chr7,100440000,100880000,1267388,1267587
chr7,100840000,102240000,1267588,1268267
chr7,102200000,103960000,1268268,1269127
chr7,103920000,104640000,1269128,1269467
chr7,104600000,105200000,1269468,1269747
chr7,105160000,105840000,1269748,1270067
chr7,105800000,106400000,1270068,1270347
chr7,106360000,106840000,1270348,1270567
chr7,106800000,107800000,1270568,1271047
chr7,107760000,108200000,1271048,1271247
chr7,108160000,109520000,1271248,1271907
chr7,109480000,111360000,1271908,1272827
chr7,111320000,112240000,1272828,1273267
chr7,112200000,112600000,1273268,1273447
chr7,112560000,113520000,1273448,1273907
chr7,113480000,115800000,1273908,1275047
chr7,115760000,116520000,1275048,1275407
chr7,116480000,117000000,1275408,1275647
chr7,116960000,117920000,1275648,1276107
chr7,117880000,118960000,1276108,1276627
chr7,118920000,120760000,1276628,1277527
chr7,120720000,121760000,1277528,1278027
chr7,121720000,122200000,1278028,1278247
chr7,122160000,123240000,1278248,1278767
chr7,123200000,124640000,1278768,1279467
chr7,124600000,127280000,1279468,1280787
chr7,127240000,128040000,1280788,1281167
chr7,128000000,129720000,1281168,1282007
chr7,129680000,130560000,1282008,1282427
chr7,130520000,131280000,1282428,1282787
chr7,131240000,132040000,1282788,1283167
chr7,132000000,134240000,1283168,1284267
chr7,134200000,135040000,1284268,1284667
chr7,135000000,135400000,1284668,1284847
chr7,135360000,137360000,1284848,1285827
chr7,137320000,139120000,1285828,1286707
chr7,139080000,140240000,1286708,1287267
chr7,140200000,141560000,1287268,1287927
chr7,141520000,142040000,1287928,1288167
chr7,142000000,143320000,1288168,1288807
chr7,143280000,145880000,1288808,1290087
chr7,145840000,146320000,1290088,1290307
chr7,146280000,148880000,1290308,1291587
chr7,148840000,149480000,1291588,1291887
chr7,149440000,150800000,1291888,1292547
chr7,150760000,151560000,1292548,1292927
chr7,151520000,152600000,1292928,1293447
chr7,152560000,153840000,1293448,1294067
chr7,153800000,154640000,1294068,1294467
chr7,154600000,155200000,1294468,1294747
chr7,155160000,159138663,1294748,1296737
chr8,1,3560000,1296738,1298497
chr8,3520000,4160000,1298498,1298797
chr8,4120000,4720000,1298798,1299077
chr8,4680000,7320000,1299078,1300377
chr8,7280000,8000000,1300378,1300717
chr8,7960000,9760000,1300718,1301597
chr8,9720000,10760000,1301598,1302097
chr8,10720000,12360000,1302098,1302897
chr8,12320000,14200000,1302898,1303817
chr8,14160000,14840000,1303818,1304137
chr8,14800000,17160000,1304138,1305297
chr8,17120000,17880000,1305298,1305657
chr8,17840000,18800000,1305658,1306117
chr8,18760000,19240000,1306118,1306337
chr8,19200000,20080000,1306338,1306757
chr8,20040000,21960000,1306758,1307697
chr8,21920000,22920000,1307698,1308177
chr8,22880000,24360000,1308178,1308897
chr8,24320000,25040000,1308898,1309237
chr8,25000000,26440000,1309238,1309937
chr8,26400000,27280000,1309938,1310357
chr8,27240000,27480000,1310358,1310457
chr8,27440000,28360000,1310458,1310897
chr8,28320000,28520000,1310898,1310977
chr8,28480000,30080000,1310978,1311757
chr8,30040000,30560000,1311758,1311997
chr8,30520000,31080000,1311998,1312257
chr8,31040000,32120000,1312258,1312777
chr8,32080000,33440000,1312778,1313437
chr8,33400000,34920000,1313438,1314177
chr8,34880000,36760000,1314178,1315097
chr8,36720000,37720000,1315098,1315577
chr8,37680000,38680000,1315578,1316057
chr8,38640000,39840000,1316058,1316637
chr8,39800000,41560000,1316638,1317497
chr8,41520000,42280000,1317498,1317857
chr8,42240000,43000000,1317858,1318217
chr8,42960000,48240000,1318218,1320837
chr8,48200000,48840000,1320838,1321137
chr8,48800000,49880000,1321138,1321657
chr8,49840000,51320000,1321658,1322377
chr8,51280000,52960000,1322378,1323197
chr8,52920000,53440000,1323198,1323437
chr8,53400000,55480000,1323438,1324457
chr8,55440000,57120000,1324458,1325277
chr8,57080000,58440000,1325278,1325937
chr8,58400000,59480000,1325938,1326457
chr8,59440000,61400000,1326458,1327417
chr8,61360000,62560000,1327418,1327997
chr8,62520000,64120000,1327998,1328777
chr8,64080000,65480000,1328778,1329457
chr8,65440000,66680000,1329458,1330057
chr8,66640000,67400000,1330058,1330417
chr8,67360000,68800000,1330418,1331117
chr8,68760000,69440000,1331118,1331437
chr8,69400000,70640000,1331438,1332037
chr8,70600000,71600000,1332038,1332517
chr8,71560000,73120000,1332518,1333277
chr8,73080000,74200000,1333278,1333817
chr8,74160000,74640000,1333818,1334037
chr8,74600000,75120000,1334038,1334277
chr8,75080000,75880000,1334278,1334657
chr8,75840000,77240000,1334658,1335337
chr8,77200000,78320000,1335338,1335877
chr8,78280000,79440000,1335878,1336437
chr8,79400000,80600000,1336438,1337017
chr8,80560000,81560000,1337018,1337497
chr8,81520000,82680000,1337498,1338057
chr8,82640000,84160000,1338058,1338797
chr8,84120000,84800000,1338798,1339117
chr8,84760000,86200000,1339118,1339817
chr8,86160000,87120000,1339818,1340277
chr8,87080000,87560000,1340278,1340497
chr8,87520000,88720000,1340498,1341077
chr8,88680000,90800000,1341078,1342117
chr8,90760000,92400000,1342118,1342917
chr8,92360000,94800000,1342918,1344117
chr8,94760000,95000000,1344118,1344217
chr8,94960000,95560000,1344218,1344497
chr8,95520000,95960000,1344498,1344697
chr8,95920000,97280000,1344698,1345357
chr8,97240000,98720000,1345358,1346077
chr8,98680000,99160000,1346078,1346297
chr8,99120000,101200000,1346298,1347317
chr8,101160000,101640000,1347318,1347537
chr8,101600000,102240000,1347538,1347837
chr8,102200000,104000000,1347838,1348717
chr8,103960000,105600000,1348718,1349517
chr8,105560000,106920000,1349518,1350177
chr8,106880000,107800000,1350178,1350617
chr8,107760000,108840000,1350618,1351137
chr8,108800000,109880000,1351138,1351657
chr8,109840000,110360000,1351658,1351897
chr8,110320000,110760000,1351898,1352097
chr8,110720000,111040000,1352098,1352237
chr8,111000000,112200000,1352238,1352817
chr8,112160000,112920000,1352818,1353177
chr8,112880000,113720000,1353178,1353577
chr8,113680000,114480000,1353578,1353957
chr8,114440000,115800000,1353958,1354617
chr8,115760000,118360000,1354618,1355897
chr8,118320000,119680000,1355898,1356557
chr8,119640000,120520000,1356558,1356977
chr8,120480000,120840000,1356978,1357137
chr8,120800000,121480000,1357138,1357457
chr8,121440000,121920000,1357458,1357677
chr8,121880000,123720000,1357678,1358577
chr8,123680000,124200000,1358578,1358817
chr8,124160000,124760000,1358818,1359097
chr8,124720000,125560000,1359098,1359497
chr8,125520000,126080000,1359498,1359757
chr8,126040000,126800000,1359758,1360117
chr8,126760000,127880000,1360118,1360657
chr8,127840000,130880000,1360658,1362157
chr8,130840000,131760000,1362158,1362597
chr8,131720000,133200000,1362598,1363317
chr8,133160000,133800000,1363318,1363617
chr8,133760000,134520000,1363618,1363977
chr8,134480000,135800000,1363978,1364617
chr8,135760000,137160000,1364618,1365297
chr8,137120000,137800000,1365298,1365617
chr8,137760000,139160000,1365618,1366297
chr8,139120000,139840000,1366298,1366637
chr8,139800000,140720000,1366638,1367077
chr8,140680000,141640000,1367078,1367537
chr8,141600000,142360000,1367538,1367897
chr8,142320000,143760000,1367898,1368597
chr8,143720000,146364022,1368598,1369920
chr9,1,2880000,1369921,1371340
chr9,2840000,4440000,1371341,1372120
chr9,4400000,5840000,1372121,1372820
chr9,5800000,6760000,1372821,1373280
chr9,6720000,8320000,1373281,1374060
chr9,8280000,9160000,1374061,1374480
chr9,9120000,10040000,1374481,1374920
chr9,10000000,11400000,1374921,1375600
chr9,11360000,12680000,1375601,1376240
chr9,12640000,15760000,1376241,1377780
chr9,15720000,17560000,1377781,1378680
chr9,17520000,18280000,1378681,1379040
chr9,18240000,19120000,1379041,1379460
chr9,19080000,19440000,1379461,1379620
chr9,19400000,21240000,1379621,1380520
chr9,21200000,22280000,1380521,1381040
chr9,22240000,23160000,1381041,1381480
chr9,23120000,23640000,1381481,1381720
chr9,23600000,24360000,1381721,1382080
chr9,24320000,24920000,1382081,1382360
chr9,24880000,25920000,1382361,1382860
chr9,25880000,27040000,1382861,1383420
chr9,27000000,27600000,1383421,1383700
chr9,27560000,29800000,1383701,1384800
chr9,29760000,31160000,1384801,1385480
chr9,31120000,33440000,1385481,1386620
chr9,33400000,34600000,1386621,1387200
chr9,34560000,36000000,1387201,1387900
chr9,35960000,36760000,1387901,1388280
chr9,36720000,37520000,1388281,1388660
chr9,37480000,41000000,1388661,1390400
chr9,40960000,42160000,1390401,1390980
chr9,42120000,43200000,1390981,1391500
chr9,43160000,44000000,1391501,1391900
chr9,43960000,44680000,1391901,1392240
chr9,44640000,45880000,1392241,1392840
chr9,45840000,47120000,1392841,1393460
chr9,47080000,67200000,1393461,1403500
chr9,67160000,68080000,1403501,1403940
chr9,68040000,68640000,1403941,1404220
chr9,68600000,70120000,1404221,1404960
chr9,70080000,71680000,1404961,1405740
chr9,71640000,73000000,1405741,1406400
chr9,72960000,73960000,1406401,1406880
chr9,73920000,74480000,1406881,1407140
chr9,74440000,75560000,1407141,1407680
chr9,75520000,77720000,1407681,1408760
chr9,77680000,79360000,1408761,1409580
chr9,79320000,79760000,1409581,1409780
chr9,79720000,81000000,1409781,1410400
chr9,80960000,82800000,1410401,1411300
chr9,82760000,83760000,1411301,1411780
chr9,83720000,85840000,1411781,1412820
chr9,85800000,86440000,1412821,1413120
chr9,86400000,87000000,1413121,1413400
chr9,86960000,88480000,1413401,1414140
chr9,88440000,88920000,1414141,1414360
chr9,88880000,90520000,1414361,1415160
chr9,90480000,92040000,1415161,1415920
chr9,92000000,92880000,1415921,1416340
chr9,92840000,93680000,1416341,1416740
chr9,93640000,94920000,1416741,1417360
chr9,94880000,95640000,1417361,1417720
chr9,95600000,96480000,1417721,1418140
chr9,96440000,97160000,1418141,1418480
chr9,97120000,97880000,1418481,1418840
chr9,97840000,99560000,1418841,1419680
chr9,99520000,100520000,1419681,1420160
chr9,100480000,100720000,1420161,1420260
chr9,100680000,101600000,1420261,1420700
chr9,101560000,103240000,1420701,1421520
chr9,103200000,104360000,1421521,1422080
chr9,104320000,107520000,1422081,1423660
chr9,107480000,108480000,1423661,1424140
chr9,108440000,110120000,1424141,1424960
chr9,110080000,111720000,1424961,1425760
chr9,111680000,112280000,1425761,1426040
chr9,112240000,113000000,1426041,1426400
chr9,112960000,114320000,1426401,1427060
chr9,114280000,115960000,1427061,1427880
chr9,115920000,116480000,1427881,1428140
chr9,116440000,117160000,1428141,1428480
chr9,117120000,118320000,1428481,1429060
chr9,118280000,119520000,1429061,1429660
chr9,119480000,120320000,1429661,1430060
chr9,120280000,121680000,1430061,1430740
chr9,121640000,122280000,1430741,1431040
chr9,122240000,123400000,1431041,1431600
chr9,123360000,124280000,1431601,1432040
chr9,124240000,124840000,1432041,1432320
chr9,124800000,125720000,1432321,1432760
chr9,125680000,126160000,1432761,1432980
chr9,126120000,127240000,1432981,1433520
chr9,127200000,127640000,1433521,1433720
chr9,127600000,129640000,1433721,1434720
chr9,129600000,130960000,1434721,1435380
chr9,130920000,131840000,1435381,1435820
chr9,131800000,132560000,1435821,1436180
chr9,132520000,133920000,1436181,1436860
chr9,133880000,135280000,1436861,1437540
chr9,135240000,136080000,1437541,1437940
chr9,136040000,137000000,1437941,1438400
chr9,136960000,141213431,1438401,1440527
chrX,1,5880000,1440528,1443446
chrX,5840000,7120000,1443447,1444066
chrX,7080000,7960000,1444067,1444486
chrX,7920000,8720000,1444487,1444866
chrX,8680000,10120000,1444867,1445566
chrX,10080000,10720000,1445567,1445866
chrX,10680000,11240000,1445867,1446126
chrX,11200000,11560000,1446127,1446286
chrX,11520000,11920000,1446287,1446466
chrX,11880000,12880000,1446467,1446946
chrX,12840000,13800000,1446947,1447406
chrX,13760000,15360000,1447407,1448186
chrX,15320000,16920000,1448187,1448966
chrX,16880000,17760000,1448967,1449386
chrX,17720000,18360000,1449387,1449686
chrX,18320000,19520000,1449687,1450266
chrX,19480000,20200000,1450267,1450606
chrX,20160000,21920000,1450607,1451466
chrX,21880000,23800000,1451467,1452406
chrX,23760000,25200000,1452407,1453106
chrX,25160000,26720000,1453107,1453866
chrX,26680000,27640000,1453867,1454326
chrX,27600000,29240000,1454327,1455126
chrX,29200000,30720000,1455127,1455866
chrX,30680000,32400000,1455867,1456706
chrX,32360000,34440000,1456707,1457726
chrX,34400000,35880000,1457727,1458446
chrX,35840000,37120000,1458447,1459066
chrX,37080000,38320000,1459067,1459666
chrX,38280000,39080000,1459667,1460046
chrX,39040000,40440000,1460047,1460726
chrX,40400000,41280000,1460727,1461146
chrX,41240000,43760000,1461147,1462386
chrX,43720000,45040000,1462387,1463026
chrX,45000000,47080000,1463027,1464046
chrX,47040000,48480000,1464047,1464746
chrX,48440000,49040000,1464747,1465026
chrX,49000000,50920000,1465027,1465966
chrX,50880000,52160000,1465967,1466586
chrX,52120000,53000000,1466587,1467006
chrX,52960000,54840000,1467007,1467926
chrX,54800000,56320000,1467927,1468666
chrX,56280000,56800000,1468667,1468906
chrX,56760000,63000000,1468907,1472006
chrX,62960000,64200000,1472007,1472606
chrX,64160000,64800000,1472607,1472906
chrX,64760000,66000000,1472907,1473506
chrX,65960000,67440000,1473507,1474226
chrX,67400000,67960000,1474227,1474486
chrX,67920000,68680000,1474487,1474846
chrX,68640000,69560000,1474847,1475286
chrX,69520000,71080000,1475287,1476046
chrX,71040000,71400000,1476047,1476206
chrX,71360000,71960000,1476207,1476486
chrX,71920000,73760000,1476487,1477386
chrX,73720000,75520000,1477387,1478266
chrX,75480000,77400000,1478267,1479206
chrX,77360000,78800000,1479207,1479906
chrX,78760000,79640000,1479907,1480326
chrX,79600000,80000000,1480327,1480506
chrX,79960000,80720000,1480507,1480866
chrX,80680000,81280000,1480867,1481146
chrX,81240000,83160000,1481147,1482086
chrX,83120000,84440000,1482087,1482726
chrX,84400000,84800000,1482727,1482906
chrX,84760000,86640000,1482907,1483826
chrX,86600000,89200000,1483827,1485106
chrX,89160000,91160000,1485107,1486086
chrX,91120000,92760000,1486087,1486886
chrX,92720000,94480000,1486887,1487746
chrX,94440000,95680000,1487747,1488346
chrX,95640000,96160000,1488347,1488586
chrX,96120000,98520000,1488587,1489766
chrX,98480000,100080000,1489767,1490546
chrX,100040000,100680000,1490547,1490846
chrX,100640000,102440000,1490847,1491726
chrX,102400000,102840000,1491727,1491926
chrX,102800000,103440000,1491927,1492226
chrX,103400000,105240000,1492227,1493126
chrX,105200000,106120000,1493127,1493566
chrX,106080000,107400000,1493567,1494206
chrX,107360000,109240000,1494207,1495126
chrX,109200000,110440000,1495127,1495726
chrX,110400000,111000000,1495727,1496006
chrX,110960000,112040000,1496007,1496526
chrX,112000000,113800000,1496527,1497406
chrX,113760000,114480000,1497407,1497746
chrX,114440000,115080000,1497747,1498046
chrX,115040000,117560000,1498047,1499286
chrX,117520000,118560000,1499287,1499786
chrX,118520000,119120000,1499787,1500066
chrX,119080000,119480000,1500067,1500246
chrX,119440000,122880000,1500247,1501946
chrX,122840000,124440000,1501947,1502726
chrX,124400000,125880000,1502727,1503446
chrX,125840000,127280000,1503447,1504146
chrX,127240000,128640000,1504147,1504826
chrX,128600000,129400000,1504827,1505206
chrX,129360000,130160000,1505207,1505586
chrX,130120000,130920000,1505587,1505966
chrX,130880000,131840000,1505967,1506426
chrX,131800000,132320000,1506427,1506666
chrX,132280000,133600000,1506667,1507306
chrX,133560000,134240000,1507307,1507626
chrX,134200000,134760000,1507627,1507886
chrX,134720000,135000000,1507887,1508006
chrX,134960000,135680000,1508007,1508346
chrX,135640000,136000000,1508347,1508506
chrX,135960000,137240000,1508507,1509126
chrX,137200000,137880000,1509127,1509446
chrX,137840000,139160000,1509447,1510086
chrX,139120000,139840000,1510087,1510426
chrX,139800000,141920000,1510427,1511466
chrX,141880000,142800000,1511467,1511906
chrX,142760000,144320000,1511907,1512666
chrX,144280000,145360000,1512667,1513186
chrX,145320000,147040000,1513187,1514026
chrX,147000000,148760000,1514027,1514886
chrX,148720000,149960000,1514887,1515486
chrX,149920000,150240000,1515487,1515626
chrX,150200000,150840000,1515627,1515926
chrX,150800000,152160000,1515927,1516586
chrX,152120000,153000000,1516587,1517026
